-- MySQL Script generated by MySQL Workbench
-- mar. 25 févr. 2020 08:24:59 CET
-- Model: New Model    Version: 1.0
-- MySQL Workbench Forward Engineering

SET @OLD_UNIQUE_CHECKS=@@UNIQUE_CHECKS, UNIQUE_CHECKS=0;
SET @OLD_FOREIGN_KEY_CHECKS=@@FOREIGN_KEY_CHECKS, FOREIGN_KEY_CHECKS=0;
SET @OLD_SQL_MODE=@@SQL_MODE, SQL_MODE='ONLY_FULL_GROUP_BY,STRICT_TRANS_TABLES,NO_ZERO_IN_DATE,NO_ZERO_DATE,ERROR_FOR_DIVISION_BY_ZERO,NO_ENGINE_SUBSTITUTION';

-- -----------------------------------------------------
-- Schema cakelord
-- -----------------------------------------------------
DROP SCHEMA IF EXISTS `cakelord` ;

-- -----------------------------------------------------
-- Schema cakelord
-- -----------------------------------------------------
CREATE SCHEMA IF NOT EXISTS `cakelord` DEFAULT CHARACTER SET utf8mb4 ;
USE `cakelord` ;

-- -----------------------------------------------------
-- Table `cakelord`.`roles`
-- -----------------------------------------------------
DROP TABLE IF EXISTS `cakelord`.`roles` ;

CREATE TABLE IF NOT EXISTS `cakelord`.`roles` (
  `id` INT NOT NULL AUTO_INCREMENT,
  `name` VARCHAR(45) NOT NULL,
  PRIMARY KEY (`id`),
  UNIQUE INDEX `name_UNIQUE` (`name` ASC))
ENGINE = InnoDB;


-- -----------------------------------------------------
-- Table `cakelord`.`users`
-- -----------------------------------------------------
DROP TABLE IF EXISTS `cakelord`.`users` ;

CREATE TABLE IF NOT EXISTS `cakelord`.`users` (
  `id` INT NOT NULL AUTO_INCREMENT,
  `email` VARCHAR(70) NOT NULL,
  `password` VARCHAR(70) NOT NULL,
  `sex` CHAR NULL,
  `firstname` VARCHAR(45) NULL,
  `lastname` VARCHAR(45) NULL,
  `username` VARCHAR(45) NOT NULL,
  `birth_date` DATE NULL,
  `newsletter` TINYINT(1) NOT NULL DEFAULT 0,
  `created` DATETIME NOT NULL DEFAULT '1981-08-01',
  `modified` DATETIME NOT NULL DEFAULT '1981-08-01',
  `role_id` INT NOT NULL DEFAULT 3,
  `is_locked` TINYINT(1) NOT NULL DEFAULT 0,
  `failed_login_attempts` TINYINT NOT NULL DEFAULT 0,
  `failed_login_last_date` DATETIME NOT NULL DEFAULT '1981-08-01',
  PRIMARY KEY (`id`),
  UNIQUE INDEX `username_UNIQUE` (`username` ASC),
  CONSTRAINT `fk_users_roles`
    FOREIGN KEY (`role_id`)
    REFERENCES `cakelord`.`roles` (`id`)
    ON DELETE NO ACTION
    ON UPDATE NO ACTION)
ENGINE = InnoDB;


-- -----------------------------------------------------
-- Table `cakelord`.`states`
-- -----------------------------------------------------
DROP TABLE IF EXISTS `cakelord`.`states` ;

CREATE TABLE IF NOT EXISTS `cakelord`.`states` (
  `id` INT NOT NULL AUTO_INCREMENT,
  `name` VARCHAR(45) NOT NULL,
  `color` CHAR(6) NOT NULL,
  PRIMARY KEY (`id`),
  UNIQUE INDEX `name_UNIQUE` (`name` ASC))
ENGINE = InnoDB;


-- -----------------------------------------------------
-- Table `cakelord`.`ratteries`
-- -----------------------------------------------------
DROP TABLE IF EXISTS `cakelord`.`ratteries` ;

CREATE TABLE IF NOT EXISTS `cakelord`.`ratteries` (
  `id` INT NOT NULL AUTO_INCREMENT,
  `name` VARCHAR(70) NOT NULL,
  `prefix` VARCHAR(3) NOT NULL,
  `owner_id` INT NOT NULL,
  `comments` TEXT NULL,
  `picture` VARCHAR(255) NULL,
  `is_alive` TINYINT(1) NOT NULL DEFAULT 1,
  `birth_year` YEAR NULL,
  `created` DATETIME NOT NULL DEFAULT "1981-08-01",
  `modified` DATETIME NOT NULL DEFAULT "1981-08-01",
  `state_id` INT NOT NULL DEFAULT 1,
  PRIMARY KEY (`id`),
  UNIQUE INDEX `name_UNIQUE` (`name` ASC),
  UNIQUE INDEX `prefix_UNIQUE` (`prefix` ASC),
  CONSTRAINT `fk_lord_ratteries_lord_users1`
    FOREIGN KEY (`owner_id`)
    REFERENCES `cakelord`.`users` (`id`)
    ON DELETE NO ACTION
    ON UPDATE NO ACTION,
  CONSTRAINT `fk_ratteries_states1`
    FOREIGN KEY (`state_id`)
    REFERENCES `cakelord`.`states` (`id`)
    ON DELETE NO ACTION
    ON UPDATE NO ACTION)
ENGINE = InnoDB;


-- -----------------------------------------------------
-- Table `cakelord`.`eyecolors`
-- -----------------------------------------------------
DROP TABLE IF EXISTS `cakelord`.`eyecolors` ;

CREATE TABLE IF NOT EXISTS `cakelord`.`eyecolors` (
  `id` INT NOT NULL AUTO_INCREMENT,
  `name` VARCHAR(70) NOT NULL,
  `picture` VARCHAR(255) NOT NULL DEFAULT 'Unknown.png',
  PRIMARY KEY (`id`),
  UNIQUE INDEX `name_UNIQUE` (`name` ASC))
ENGINE = InnoDB
COMMENT = 'Table contenant la liste des yeux';


-- -----------------------------------------------------
-- Table `cakelord`.`colors`
-- -----------------------------------------------------
DROP TABLE IF EXISTS `cakelord`.`colors` ;

CREATE TABLE IF NOT EXISTS `cakelord`.`colors` (
  `id` INT NOT NULL AUTO_INCREMENT,
  `name` VARCHAR(70) NOT NULL,
  `genotype` VARCHAR(70) NULL,
  `picture` VARCHAR(255) NOT NULL DEFAULT 'Unknown.png',
  `eyecolor_id` INT NULL,
  PRIMARY KEY (`id`),
  UNIQUE INDEX `name_UNIQUE` (`name` ASC),
  CONSTRAINT `fk_lord_colors_lord_eyecolors1`
    FOREIGN KEY (`eyecolor_id`)
    REFERENCES `cakelord`.`eyecolors` (`id`)
    ON DELETE NO ACTION
    ON UPDATE NO ACTION)
ENGINE = InnoDB;


-- -----------------------------------------------------
-- Table `cakelord`.`earsets`
-- -----------------------------------------------------
DROP TABLE IF EXISTS `cakelord`.`earsets` ;

CREATE TABLE IF NOT EXISTS `cakelord`.`earsets` (
  `id` INT NOT NULL AUTO_INCREMENT,
  `name` VARCHAR(70) NOT NULL,
  `picture` VARCHAR(255) NOT NULL DEFAULT 'Unknown.png',
  PRIMARY KEY (`id`),
  UNIQUE INDEX `name_UNIQUE` (`name` ASC))
ENGINE = InnoDB;


-- -----------------------------------------------------
-- Table `cakelord`.`dilutions`
-- -----------------------------------------------------
DROP TABLE IF EXISTS `cakelord`.`dilutions` ;

CREATE TABLE IF NOT EXISTS `cakelord`.`dilutions` (
  `id` INT NOT NULL AUTO_INCREMENT,
  `name` VARCHAR(70) NOT NULL,
  `picture` VARCHAR(255) NOT NULL DEFAULT 'Unknown.png',
  PRIMARY KEY (`id`),
  UNIQUE INDEX `name_UNIQUE` (`name` ASC))
ENGINE = InnoDB
COMMENT = 'Table référençant la liste des dilutions';


-- -----------------------------------------------------
-- Table `cakelord`.`coats`
-- -----------------------------------------------------
DROP TABLE IF EXISTS `cakelord`.`coats` ;

CREATE TABLE IF NOT EXISTS `cakelord`.`coats` (
  `id` INT NOT NULL AUTO_INCREMENT,
  `name` VARCHAR(70) NOT NULL,
  `picture` VARCHAR(255) NOT NULL DEFAULT 'Unknown.png',
  PRIMARY KEY (`id`),
  UNIQUE INDEX `name_UNIQUE` (`name` ASC))
ENGINE = InnoDB
COMMENT = 'Table référençant la liste des poils';


-- -----------------------------------------------------
-- Table `cakelord`.`markings`
-- -----------------------------------------------------
DROP TABLE IF EXISTS `cakelord`.`markings` ;

CREATE TABLE IF NOT EXISTS `cakelord`.`markings` (
  `id` INT NOT NULL AUTO_INCREMENT,
  `name` VARCHAR(70) NOT NULL,
  `picture` VARCHAR(255) NOT NULL DEFAULT 'Unknown.png',
  PRIMARY KEY (`id`),
  UNIQUE INDEX `name_UNIQUE` (`name` ASC))
ENGINE = InnoDB
COMMENT = 'Table référençant la liste des marquages';


-- -----------------------------------------------------
-- Table `cakelord`.`death_primary_causes`
-- -----------------------------------------------------
DROP TABLE IF EXISTS `cakelord`.`death_primary_causes` ;

CREATE TABLE IF NOT EXISTS `cakelord`.`death_primary_causes` (
  `id` INT NOT NULL AUTO_INCREMENT,
  `name` VARCHAR(100) NOT NULL,
  PRIMARY KEY (`id`),
  UNIQUE INDEX `name_UNIQUE` (`name` ASC))
ENGINE = InnoDB
COMMENT = 'Table référençant la liste des causes de décès';


-- -----------------------------------------------------
-- Table `cakelord`.`death_secondary_causes`
-- -----------------------------------------------------
DROP TABLE IF EXISTS `cakelord`.`death_secondary_causes` ;

CREATE TABLE IF NOT EXISTS `cakelord`.`death_secondary_causes` (
  `id` INT NOT NULL AUTO_INCREMENT,
  `name` VARCHAR(100) NOT NULL,
  `death_primary_cause_id` INT NOT NULL,
  PRIMARY KEY (`id`),
  UNIQUE INDEX `name_UNIQUE` (`name` ASC),
  CONSTRAINT `fk_lord_deces_secondaire_lord_deces_principal1`
    FOREIGN KEY (`death_primary_cause_id`)
    REFERENCES `cakelord`.`death_primary_causes` (`id`)
    ON DELETE NO ACTION
    ON UPDATE NO ACTION)
ENGINE = InnoDB;


-- -----------------------------------------------------
-- Table `cakelord`.`litters`
-- -----------------------------------------------------
DROP TABLE IF EXISTS `cakelord`.`litters` ;

CREATE TABLE IF NOT EXISTS `cakelord`.`litters` (
  `id` INT NOT NULL AUTO_INCREMENT,
  `mating_date` DATE NULL,
  `birth_date` DATE NOT NULL,
  `pups_number` TINYINT NOT NULL,
  `pups_number_stillborn` TINYINT NULL DEFAULT 0,
  `comments` TEXT NULL,
  `mother_rat_id` INT NOT NULL,
  `father_rat_id` INT NULL,
  `creator_user_id` INT NOT NULL,
  `created` DATETIME NOT NULL DEFAULT "1981-08-01",
  `modified` DATETIME NOT NULL DEFAULT "1981-08-01",
  `state_id` INT NOT NULL DEFAULT 1,
  `rattery_id` INT NOT NULL DEFAULT 1,
  PRIMARY KEY (`id`),
  CONSTRAINT `fk_litter_mother_rat`
    FOREIGN KEY (`mother_rat_id`)
    REFERENCES `cakelord`.`rats` (`id`)
    ON DELETE NO ACTION
    ON UPDATE NO ACTION,
  CONSTRAINT `fk_litter_father_rat`
    FOREIGN KEY (`father_rat_id`)
    REFERENCES `cakelord`.`rats` (`id`)
    ON DELETE NO ACTION
    ON UPDATE NO ACTION,
  CONSTRAINT `fk_itter_breeder_user`
    FOREIGN KEY (`creator_user_id`)
    REFERENCES `cakelord`.`users` (`id`)
    ON DELETE NO ACTION
    ON UPDATE NO ACTION,
  CONSTRAINT `fk_litters_states1`
    FOREIGN KEY (`state_id`)
    REFERENCES `cakelord`.`states` (`id`)
    ON DELETE NO ACTION
    ON UPDATE NO ACTION,
  CONSTRAINT `fk_litters_ratteries1`
    FOREIGN KEY (`rattery_id`)
    REFERENCES `cakelord`.`ratteries` (`id`)
    ON DELETE NO ACTION
    ON UPDATE NO ACTION)
ENGINE = InnoDB;


-- -----------------------------------------------------
-- Table `cakelord`.`rats`
-- -----------------------------------------------------
DROP TABLE IF EXISTS `cakelord`.`rats` ;

CREATE TABLE IF NOT EXISTS `cakelord`.`rats` (
  `id` INT NOT NULL AUTO_INCREMENT,
  `name` VARCHAR(70) NOT NULL,
  `pup_name` VARCHAR(70) NULL,
  `sex` CHAR NOT NULL,
  `pedigree_identifier` VARCHAR(10) NOT NULL,
  `birth_date` DATE NULL,
  `death_date` DATE NULL,
  `death_primary_cause_id` INT NULL,
  `death_secondary_cause_id` INT NULL,
  `death_euthanized` TINYINT(1) NULL,
  `death_diagnosed` TINYINT(1) NULL,
  `death_necropsied` TINYINT(1) NULL,
  `picture` VARCHAR(255) NULL,
  `picture_thumbnail` VARCHAR(255) NULL,
  `comments` TEXT NULL,
  `is_alive` TINYINT(1) NOT NULL DEFAULT 0,
  `mother_rattery_id` INT NULL,
  `father_rattery_id` INT NULL,
  `mother_rat_id` INT NULL,
  `father_rat_id` INT NULL,
  `litter_id` INT NULL,
  `owner_user_id` INT NULL,
  `color_id` INT NOT NULL DEFAULT 1,
  `earset_id` INT NOT NULL DEFAULT 1,
  `eyecolor_id` INT NOT NULL DEFAULT 1,
  `dilution_id` INT NOT NULL DEFAULT 1,
  `coat_id` INT NOT NULL DEFAULT 1,
  `marking_id` INT NOT NULL DEFAULT 1,
  `creator_user_id` INT NOT NULL,
  `created` DATETIME NOT NULL DEFAULT "1981-08-01",
  `modified` DATETIME NOT NULL DEFAULT "1981-08-01",
  `state_id` INT NOT NULL DEFAULT 1,
  `rattery_id` INT NOT NULL DEFAULT 1,
  PRIMARY KEY (`id`),
  UNIQUE INDEX `id_UNIQUE` (`id` ASC),
  UNIQUE INDEX `Pedigree_identifier_UNIQUE` (`pedigree_identifier` ASC),
  CONSTRAINT `FK_mother_rattery`
    FOREIGN KEY (`mother_rattery_id`)
    REFERENCES `cakelord`.`ratteries` (`id`)
    ON DELETE NO ACTION
    ON UPDATE NO ACTION,
  CONSTRAINT `FK_father_rat`
    FOREIGN KEY (`father_rat_id`)
    REFERENCES `cakelord`.`rats` (`id`)
    ON DELETE NO ACTION
    ON UPDATE NO ACTION,
  CONSTRAINT `FK_mother_rat`
    FOREIGN KEY (`mother_rat_id`)
    REFERENCES `cakelord`.`rats` (`id`)
    ON DELETE NO ACTION
    ON UPDATE NO ACTION,
  CONSTRAINT `Fk_owner`
    FOREIGN KEY (`owner_user_id`)
    REFERENCES `cakelord`.`users` (`id`)
    ON DELETE NO ACTION
    ON UPDATE NO ACTION,
  CONSTRAINT `FK_color`
    FOREIGN KEY (`color_id`)
    REFERENCES `cakelord`.`colors` (`id`)
    ON DELETE NO ACTION
    ON UPDATE NO ACTION,
  CONSTRAINT `FK_earset`
    FOREIGN KEY (`earset_id`)
    REFERENCES `cakelord`.`earsets` (`id`)
    ON DELETE NO ACTION
    ON UPDATE NO ACTION,
  CONSTRAINT `FK_eyecolor`
    FOREIGN KEY (`eyecolor_id`)
    REFERENCES `cakelord`.`eyecolors` (`id`)
    ON DELETE NO ACTION
    ON UPDATE NO ACTION,
  CONSTRAINT `fk_dilution`
    FOREIGN KEY (`dilution_id`)
    REFERENCES `cakelord`.`dilutions` (`id`)
    ON DELETE NO ACTION
    ON UPDATE NO ACTION,
  CONSTRAINT `fk_coat`
    FOREIGN KEY (`coat_id`)
    REFERENCES `cakelord`.`coats` (`id`)
    ON DELETE NO ACTION
    ON UPDATE NO ACTION,
  CONSTRAINT `fk_marking`
    FOREIGN KEY (`marking_id`)
    REFERENCES `cakelord`.`markings` (`id`)
    ON DELETE NO ACTION
    ON UPDATE NO ACTION,
  CONSTRAINT `FK_death_primary_cause`
    FOREIGN KEY (`death_primary_cause_id`)
    REFERENCES `cakelord`.`death_primary_causes` (`id`)
    ON DELETE NO ACTION
    ON UPDATE NO ACTION,
  CONSTRAINT `FK_creator`
    FOREIGN KEY (`creator_user_id`)
    REFERENCES `cakelord`.`users` (`id`)
    ON DELETE NO ACTION
    ON UPDATE NO ACTION,
  CONSTRAINT `fk_father_rattery`
    FOREIGN KEY (`father_rattery_id`)
    REFERENCES `cakelord`.`ratteries` (`id`)
    ON DELETE NO ACTION
    ON UPDATE NO ACTION,
  CONSTRAINT `fk_death_secondary_cause`
    FOREIGN KEY (`death_secondary_cause_id`)
    REFERENCES `cakelord`.`death_secondary_causes` (`id`)
    ON DELETE NO ACTION
    ON UPDATE NO ACTION,
  CONSTRAINT `fk_litter`
    FOREIGN KEY (`litter_id`)
    REFERENCES `cakelord`.`litters` (`id`)
    ON DELETE NO ACTION
    ON UPDATE NO ACTION,
  CONSTRAINT `fk_state`
    FOREIGN KEY (`state_id`)
    REFERENCES `cakelord`.`states` (`id`)
    ON DELETE NO ACTION
    ON UPDATE NO ACTION,
  CONSTRAINT `fk_rats_ratteries1`
    FOREIGN KEY (`rattery_id`)
    REFERENCES `cakelord`.`ratteries` (`id`)
    ON DELETE NO ACTION
    ON UPDATE NO ACTION)
ENGINE = InnoDB
COMMENT = 'Table centrale, qui contient l\'ensemble des rats enregistrés\n';


-- -----------------------------------------------------
-- Table `cakelord`.`singularities`
-- -----------------------------------------------------
DROP TABLE IF EXISTS `cakelord`.`singularities` ;

CREATE TABLE IF NOT EXISTS `cakelord`.`singularities` (
  `id` INT NOT NULL AUTO_INCREMENT,
  `name` VARCHAR(70) NOT NULL,
  `picture` VARCHAR(255) NOT NULL DEFAULT 'Unknown.png',
  PRIMARY KEY (`id`),
  UNIQUE INDEX `name_UNIQUE` (`name` ASC))
ENGINE = InnoDB
COMMENT = 'Table référençant la liste des particularités';


-- -----------------------------------------------------
-- Table `cakelord`.`rats_singularities`
-- -----------------------------------------------------
DROP TABLE IF EXISTS `cakelord`.`rats_singularities` ;

CREATE TABLE IF NOT EXISTS `cakelord`.`rats_singularities` (
  `rats_id` INT NOT NULL,
  `singularities_id` INT NOT NULL,
  PRIMARY KEY (`rats_id`, `singularities_id`),
  CONSTRAINT `rats_key`
    FOREIGN KEY (`rats_id`)
    REFERENCES `cakelord`.`rats` (`id`)
    ON DELETE NO ACTION
    ON UPDATE NO ACTION,
  CONSTRAINT `singularities_key`
    FOREIGN KEY (`singularities_id`)
    REFERENCES `cakelord`.`singularities` (`id`)
    ON DELETE NO ACTION
    ON UPDATE NO ACTION)
ENGINE = InnoDB;


-- -----------------------------------------------------
-- Table `cakelord`.`conversations`
-- -----------------------------------------------------
DROP TABLE IF EXISTS `cakelord`.`conversations` ;

CREATE TABLE IF NOT EXISTS `cakelord`.`conversations` (
  `id` INT NOT NULL AUTO_INCREMENT,
  `rattery_id` INT NOT NULL,
  `litter_id` INT NOT NULL,
  `rat_id` INT NOT NULL,
  `created` DATETIME NOT NULL,
  `modified` DATETIME NOT NULL,
  `is_active` TINYINT(1) NOT NULL DEFAULT 1,
  PRIMARY KEY (`id`),
  CONSTRAINT `fk_conversations_ratteries1`
    FOREIGN KEY (`rattery_id`)
    REFERENCES `cakelord`.`ratteries` (`id`)
    ON DELETE NO ACTION
    ON UPDATE NO ACTION,
  CONSTRAINT `fk_conversations_litters1`
    FOREIGN KEY (`litter_id`)
    REFERENCES `cakelord`.`litters` (`id`)
    ON DELETE NO ACTION
    ON UPDATE NO ACTION,
  CONSTRAINT `fk_conversations_rats1`
    FOREIGN KEY (`rat_id`)
    REFERENCES `cakelord`.`rats` (`id`)
    ON DELETE NO ACTION
    ON UPDATE NO ACTION)
ENGINE = InnoDB
COMMENT = ' ';


-- -----------------------------------------------------
-- Table `cakelord`.`messages`
-- -----------------------------------------------------
DROP TABLE IF EXISTS `cakelord`.`messages` ;

CREATE TABLE IF NOT EXISTS `cakelord`.`messages` (
  `id` INT NOT NULL AUTO_INCREMENT,
  `conversation_id` INT NOT NULL,
  `content` TEXT NOT NULL,
  `user_id` INT NOT NULL COMMENT 'Émetteur du message.',
  `created` DATETIME NOT NULL,
  PRIMARY KEY (`id`, `conversation_id`),
  CONSTRAINT `fk_messages_conversations1`
    FOREIGN KEY (`conversation_id`)
    REFERENCES `cakelord`.`conversations` (`id`)
    ON DELETE NO ACTION
    ON UPDATE NO ACTION,
  CONSTRAINT `fk_messages_users1`
    FOREIGN KEY (`user_id`)
    REFERENCES `cakelord`.`users` (`id`)
    ON DELETE NO ACTION
    ON UPDATE NO ACTION)
ENGINE = InnoDB;


-- -----------------------------------------------------
-- Table `cakelord`.`users_conversations`
-- -----------------------------------------------------
DROP TABLE IF EXISTS `cakelord`.`users_conversations` ;

CREATE TABLE IF NOT EXISTS `cakelord`.`users_conversations` (
  `user_id` INT NOT NULL,
  `conversation_id` INT NOT NULL,
  PRIMARY KEY (`user_id`, `conversation_id`),
  CONSTRAINT `fk_users_has_conversations_users1`
    FOREIGN KEY (`user_id`)
    REFERENCES `cakelord`.`users` (`id`)
    ON DELETE NO ACTION
    ON UPDATE NO ACTION,
  CONSTRAINT `fk_users_has_conversations_conversations1`
    FOREIGN KEY (`conversation_id`)
    REFERENCES `cakelord`.`conversations` (`id`)
    ON DELETE NO ACTION
    ON UPDATE NO ACTION)
ENGINE = InnoDB;


-- -----------------------------------------------------
-- Table `cakelord`.`rat_snapshots`
-- -----------------------------------------------------
DROP TABLE IF EXISTS `cakelord`.`rat_snapshots` ;

CREATE TABLE IF NOT EXISTS `cakelord`.`rat_snapshots` (
  `id` INT NOT NULL AUTO_INCREMENT,
  `data` JSON NOT NULL,
  `created` DATETIME NOT NULL,
  `rat_id` INT NOT NULL,
  `state_id` INT NOT NULL,
  PRIMARY KEY (`id`),
  CONSTRAINT `fk_rat_snapshots_rats1`
    FOREIGN KEY (`rat_id`)
    REFERENCES `cakelord`.`rats` (`id`)
    ON DELETE NO ACTION
    ON UPDATE NO ACTION,
  CONSTRAINT `fk_rat_snapshots_states1`
    FOREIGN KEY (`state_id`)
    REFERENCES `cakelord`.`states` (`id`)
    ON DELETE NO ACTION
    ON UPDATE NO ACTION)
ENGINE = InnoDB;


-- -----------------------------------------------------
-- Table `cakelord`.`litter_snapshots`
-- -----------------------------------------------------
DROP TABLE IF EXISTS `cakelord`.`litter_snapshots` ;

CREATE TABLE IF NOT EXISTS `cakelord`.`litter_snapshots` (
  `id` INT NOT NULL AUTO_INCREMENT,
  `data` JSON NOT NULL,
  `created` DATETIME NOT NULL,
  `litter_id` INT NOT NULL,
  `state_id` INT NOT NULL,
  PRIMARY KEY (`id`),
  CONSTRAINT `fk_litter_snapshots_litters1`
    FOREIGN KEY (`litter_id`)
    REFERENCES `cakelord`.`litters` (`id`)
    ON DELETE NO ACTION
    ON UPDATE NO ACTION,
  CONSTRAINT `fk_litter_snapshots_states1`
    FOREIGN KEY (`state_id`)
    REFERENCES `cakelord`.`states` (`id`)
    ON DELETE NO ACTION
    ON UPDATE NO ACTION)
ENGINE = InnoDB;


-- -----------------------------------------------------
-- Table `cakelord`.`rattery_snapshots`
-- -----------------------------------------------------
DROP TABLE IF EXISTS `cakelord`.`rattery_snapshots` ;

CREATE TABLE IF NOT EXISTS `cakelord`.`rattery_snapshots` (
  `id` INT NOT NULL AUTO_INCREMENT,
  `data` JSON NOT NULL,
  `created` DATETIME NOT NULL,
  `rattery_id` INT NOT NULL,
  `state_id` INT NOT NULL,
  PRIMARY KEY (`id`),
  CONSTRAINT `fk_rattery_snapshots_ratteries1`
    FOREIGN KEY (`rattery_id`)
    REFERENCES `cakelord`.`ratteries` (`id`)
    ON DELETE NO ACTION
    ON UPDATE NO ACTION,
  CONSTRAINT `fk_rattery_snapshots_states1`
    FOREIGN KEY (`state_id`)
    REFERENCES `cakelord`.`states` (`id`)
    ON DELETE NO ACTION
    ON UPDATE NO ACTION)
ENGINE = InnoDB;


-- -----------------------------------------------------
-- Table `cakelord`.`logs`
-- -----------------------------------------------------
DROP TABLE IF EXISTS `cakelord`.`logs` ;

CREATE TABLE IF NOT EXISTS `cakelord`.`logs` (
  `id` INT NOT NULL AUTO_INCREMENT,
  `event` TEXT NOT NULL,
  `created` DATETIME NOT NULL,
  PRIMARY KEY (`id`))
ENGINE = InnoDB;


-- -----------------------------------------------------
-- Table `cakelord`.`i18n`
-- -----------------------------------------------------
DROP TABLE IF EXISTS `cakelord`.`i18n` ;

CREATE TABLE IF NOT EXISTS `cakelord`.`i18n` (
  `id` INT NOT NULL AUTO_INCREMENT,
  `locale` VARCHAR(6) NOT NULL,
  `model` VARCHAR(255) NOT NULL,
  `foreign_key` INT(10) NOT NULL,
  `field` VARCHAR(255) NOT NULL,
  `content` TEXT NOT NULL,
  PRIMARY KEY (`id`),
  UNIQUE INDEX `I18N_LOCALE_FIELD` (`locale` ASC, `model` ASC, `foreign_key` ASC, `field` ASC),
  INDEX `I18N_FIELD` (`model` ASC, `foreign_key` ASC, `field` ASC))
ENGINE = InnoDB
COMMENT = 'Table conforme à l\'utilisation de la classe Cake\\ORM\\Behavior\\TranslateBehavior de type EAV.';


-- -----------------------------------------------------
-- Data for table `cakelord`.`roles`
-- -----------------------------------------------------
START TRANSACTION;
USE `cakelord`;
INSERT INTO `cakelord`.`roles` (`id`, `name`) VALUES (DEFAULT, 'user');
INSERT INTO `cakelord`.`roles` (`id`, `name`) VALUES (DEFAULT, 'admin');

COMMIT;


-- -----------------------------------------------------
-- Data for table `cakelord`.`users`
-- -----------------------------------------------------
START TRANSACTION;
USE `cakelord`;
INSERT INTO `cakelord`.`users` (`id`, `email`, `password`, `sex`, `firstname`, `lastname`, `username`, `birth_date`, `newsletter`, `created`, `modified`, `role_id`, `is_locked`, `failed_login_attempts`, `failed_login_last_date`) VALUES (1, 'raterie@raterie-stella.com', '6cfab3c59675dc5c99353c5e6f5be008', 'F', 'VALIA', 'VERRIERE', 'stella', '1976-07-09', 1, '1981-08-01', '1981-08-01', 1, 0, 0, '1981-08-01');
INSERT INTO `cakelord`.`users` (`id`, `email`, `password`, `sex`, `firstname`, `lastname`, `username`, `birth_date`, `newsletter`, `created`, `modified`, `role_id`, `is_locked`, `failed_login_attempts`, `failed_login_last_date`) VALUES (2, 'administrateur@lord-rat.org', 'toto', 'A', 'Admin', NULL, 'admin', NULL, 0, '1981-08-01', '1981-08-01', 2, 0, 0, '1981-08-01');
INSERT INTO `cakelord`.`users` (`id`, `email`, `password`, `sex`, `firstname`, `lastname`, `username`, `birth_date`, `newsletter`, `created`, `modified`, `role_id`, `is_locked`, `failed_login_attempts`, `failed_login_last_date`) VALUES (3, 'sine.alexia@free.fr', '5d81d465cfc6f03bff54c5709a4737ba', 'F', 'Alexia', 'Siné', 'Limë', '1984-02-05', 0, '1981-08-01', '1981-08-01', 2, 0, 0, '1981-08-01');
INSERT INTO `cakelord`.`users` (`id`, `email`, `password`, `sex`, `firstname`, `lastname`, `username`, `birth_date`, `newsletter`, `created`, `modified`, `role_id`, `is_locked`, `failed_login_attempts`, `failed_login_last_date`) VALUES (5, 'artefact@entierement.nu', 'e8a8f22e0ebfcfd17f6f6170208621d9', 'F', 'Nancy', 'Bertin', 'Artefact', '1981-08-01', 1, '1981-08-01', '1981-08-01', 2, 0, 0, '1981-08-01');
INSERT INTO `cakelord`.`users` (`id`, `email`, `password`, `sex`, `firstname`, `lastname`, `username`, `birth_date`, `newsletter`, `created`, `modified`, `role_id`, `is_locked`, `failed_login_attempts`, `failed_login_last_date`) VALUES (6, 'pa@paratsite.fr', '992e29d3b368923a6383f05cdd4b4aa2', 'F', 'Marie', 'PA', 'Petit_ange', NULL, 1, '1981-08-01', '1981-08-01', 2, 0, 0, '1981-08-01');
INSERT INTO `cakelord`.`users` (`id`, `email`, `password`, `sex`, `firstname`, `lastname`, `username`, `birth_date`, `newsletter`, `created`, `modified`, `role_id`, `is_locked`, `failed_login_attempts`, `failed_login_last_date`) VALUES (NULL, 'vautier.joanna@hotmail.fr', '8dd377e29ca5356032dc15fcb4cd877a', 'F', 'Joanna', 'Vautier', 'm0ua-haha', '2013-04-14', 0, '2013-04-14', '2013-04-14', 1, 0, 0, '1981-08-01');
INSERT INTO `cakelord`.`users` (`id`, `email`, `password`, `sex`, `firstname`, `lastname`, `username`, `birth_date`, `newsletter`, `created`, `modified`, `role_id`, `is_locked`, `failed_login_attempts`, `failed_login_last_date`) VALUES (NULL, 'lorelei91310@hotmail.fr', '30f4ebe2cb080527ad19d808d00b8d6f', 'F', 'Loreleï', 'AMAURY', 'Miss-lolo-91', '1998-05-26', 0, '1981-08-01', '1981-08-01', 1, 1, 0, '1981-08-01');
INSERT INTO `cakelord`.`users` (`id`, `email`, `password`, `sex`, `firstname`, `lastname`, `username`, `birth_date`, `newsletter`, `created`, `modified`, `role_id`, `is_locked`, `failed_login_attempts`, `failed_login_last_date`) VALUES (NULL, 'pouikpouiky@gmail.com', 'toto', 'F', NULL, NULL, 'Pinky', NULL, 0, '1981-08-01', '1981-08-01', 1, 0, 0, '1981-08-01');
INSERT INTO `cakelord`.`users` (`id`, `email`, `password`, `sex`, `firstname`, `lastname`, `username`, `birth_date`, `newsletter`, `created`, `modified`, `role_id`, `is_locked`, `failed_login_attempts`, `failed_login_last_date`) VALUES (NULL, 'marinar@lenautilus.fr', 'toto', 'F', NULL, NULL, 'kerma', NULL, 0, '1981-08-01', '1981-08-01', 1, 0, 0, '1981-08-01');
INSERT INTO `cakelord`.`users` (`id`, `email`, `password`, `sex`, `firstname`, `lastname`, `username`, `birth_date`, `newsletter`, `created`, `modified`, `role_id`, `is_locked`, `failed_login_attempts`, `failed_login_last_date`) VALUES (NULL, 'nezumi30@sfr.fr', 'toto', 'F', NULL, NULL, 'ramses30', NULL, 1, '1981-08-01', '1981-08-01', 1, 0, 0, '1981-08-01');
INSERT INTO `cakelord`.`users` (`id`, `email`, `password`, `sex`, `firstname`, `lastname`, `username`, `birth_date`, `newsletter`, `created`, `modified`, `role_id`, `is_locked`, `failed_login_attempts`, `failed_login_last_date`) VALUES (NULL, 'laurielegeret@free.fr', 'toto', 'F', 'Laurie ', 'Legeret', 'louli', NULL, 0, '1981-08-01', '1981-08-01', 3, 0, 0, '1981-08-01');

COMMIT;


-- -----------------------------------------------------
-- Data for table `cakelord`.`ratteries`
-- -----------------------------------------------------
START TRANSACTION;
USE `cakelord`;
INSERT INTO `cakelord`.`ratteries` (`id`, `name`, `prefix`, `owner_id`, `comments`, `picture`, `is_alive`, `birth_year`, `created`, `modified`, `state_id`) VALUES (DEFAULT, 'Les Vigies Pirates', 'VGP', 5, 'Propriétaire de mâles exclusivement. ', NULL, 1, 2009, '2012-05-19', DEFAULT, DEFAULT);
INSERT INTO `cakelord`.`ratteries` (`id`, `name`, `prefix`, `owner_id`, `comments`, `picture`, `is_alive`, `birth_year`, `created`, `modified`, `state_id`) VALUES (DEFAULT, '* Animalerie *', 'INC', 2, NULL, NULL, 1, NULL, '2009-12-24', '2009-12-24', DEFAULT);
INSERT INTO `cakelord`.`ratteries` (`id`, `name`, `prefix`, `owner_id`, `comments`, `picture`, `is_alive`, `birth_year`, `created`, `modified`, `state_id`) VALUES (DEFAULT, '* Sauvetage *', 'SOS', 2, NULL, NULL, 1, NULL, '2009-12-24', '2009-12-24', DEFAULT);
INSERT INTO `cakelord`.`ratteries` (`id`, `name`, `prefix`, `owner_id`, `comments`, `picture`, `is_alive`, `birth_year`, `created`, `modified`, `state_id`) VALUES (DEFAULT, '* Eleveur indépendant *', 'IND', 2, NULL, NULL, 1, NULL, '2009-05-14', '2009-05-14', DEFAULT);
INSERT INTO `cakelord`.`ratteries` (`id`, `name`, `prefix`, `owner_id`, `comments`, `picture`, `is_alive`, `birth_year`, `created`, `modified`, `state_id`) VALUES (DEFAULT, 'La Tarte au Citron', 'DTC', 3, 'La tarte au Citron est  membre de la National Fancy Rat Society et partenaire SRFA', NULL, 1, NULL, DEFAULT, '2018-01-20', DEFAULT);
INSERT INTO `cakelord`.`ratteries` (`id`, `name`, `prefix`, `owner_id`, `comments`, `picture`, `is_alive`, `birth_year`, `created`, `modified`, `state_id`) VALUES (DEFAULT, 'Soleil du grand sud', 'SGS', 1, NULL, NULL, 0, 2003, '2009-07-01', '2009-07-01', DEFAULT);
INSERT INTO `cakelord`.`ratteries` (`id`, `name`, `prefix`, `owner_id`, `comments`, `picture`, `is_alive`, `birth_year`, `created`, `modified`, `state_id`) VALUES (DEFAULT, 'PARatSite', 'PAZ', 6, 'Je ne souhaite faire que des portées externes, c\'est à dire avec des mâles', NULL, 1, 2010, '2010-10-08', DEFAULT, DEFAULT);
INSERT INTO `cakelord`.`ratteries` (`id`, `name`, `prefix`, `owner_id`, `comments`, `picture`, `is_alive`, `birth_year`, `created`, `modified`, `state_id`) VALUES (DEFAULT, 'RatLoween', 'WEE', 7, NULL, NULL, 1, 2013, '2013-11-22', DEFAULT, DEFAULT);
INSERT INTO `cakelord`.`ratteries` (`id`, `name`, `prefix`, `owner_id`, `comments`, `picture`, `is_alive`, `birth_year`, `created`, `modified`, `state_id`) VALUES (DEFAULT, 'Le Souvenir de Moumix', 'MMX', 8, NULL, NULL, 1, NULL, DEFAULT, DEFAULT, DEFAULT);
INSERT INTO `cakelord`.`ratteries` (`id`, `name`, `prefix`, `owner_id`, `comments`, `picture`, `is_alive`, `birth_year`, `created`, `modified`, `state_id`) VALUES (DEFAULT, 'Le Manoir des TouPoutouX', 'TPX', 9, 'Au Manoir des Toupoutoux, je travaille actuellement uniquement par les mâles. Nous avons collaboré à deux portées : RMM Xolotl et RLF-PAZ Zorya, et NIN-WYS Zizi et KTY Flash. ', NULL, 1, NULL, DEFAULT, DEFAULT, DEFAULT);
INSERT INTO `cakelord`.`ratteries` (`id`, `name`, `prefix`, `owner_id`, `comments`, `picture`, `is_alive`, `birth_year`, `created`, `modified`, `state_id`) VALUES (DEFAULT, 'KerMa Rats', 'KMR', 10, NULL, NULL, 1, NULL, DEFAULT, DEFAULT, DEFAULT);
INSERT INTO `cakelord`.`ratteries` (`id`, `name`, `prefix`, `owner_id`, `comments`, `picture`, `is_alive`, `birth_year`, `created`, `modified`, `state_id`) VALUES (DEFAULT, 'KTY-minis', 'KTY', 11, NULL, NULL, 1, NULL, DEFAULT, DEFAULT, DEFAULT);

COMMIT;


-- -----------------------------------------------------
-- Data for table `cakelord`.`eyecolors`
-- -----------------------------------------------------
START TRANSACTION;
USE `cakelord`;
INSERT INTO `cakelord`.`eyecolors` (`id`, `name`, `picture`) VALUES (NULL, 'Unknown', 'NULL');
INSERT INTO `cakelord`.`eyecolors` (`id`, `name`, `picture`) VALUES (NULL, 'Noir', 'NULL');
INSERT INTO `cakelord`.`eyecolors` (`id`, `name`, `picture`) VALUES (NULL, 'Rouge', 'NULL');
INSERT INTO `cakelord`.`eyecolors` (`id`, `name`, `picture`) VALUES (NULL, 'Dark rubis', 'NULL');
INSERT INTO `cakelord`.`eyecolors` (`id`, `name`, `picture`) VALUES (NULL, 'Rose', 'NULL');
INSERT INTO `cakelord`.`eyecolors` (`id`, `name`, `picture`) VALUES (NULL, 'Vairon', 'NULL');

COMMIT;


-- -----------------------------------------------------
-- Data for table `cakelord`.`colors`
-- -----------------------------------------------------
START TRANSACTION;
USE `cakelord`;
INSERT INTO `cakelord`.`colors` (`id`, `name`, `genotype`, `picture`, `eyecolor_id`) VALUES (NULL, 'Unknown', 'NULL', 'NULL', NULL);
INSERT INTO `cakelord`.`colors` (`id`, `name`, `genotype`, `picture`, `eyecolor_id`) VALUES (NULL, 'Agouti', 'NULL', 'NULL', NULL);
INSERT INTO `cakelord`.`colors` (`id`, `name`, `genotype`, `picture`, `eyecolor_id`) VALUES (NULL, 'Ambre', 'Agouti + PED', 'NULL', NULL);
INSERT INTO `cakelord`.`colors` (`id`, `name`, `genotype`, `picture`, `eyecolor_id`) VALUES (NULL, 'Ambre bleu', 'Agouti + PED + Bus', 'NULL', NULL);
INSERT INTO `cakelord`.`colors` (`id`, `name`, `genotype`, `picture`, `eyecolor_id`) VALUES (NULL, 'Ambre dove', 'Agouti + PED + Mink + Br', 'NULL', NULL);
INSERT INTO `cakelord`.`colors` (`id`, `name`, `genotype`, `picture`, `eyecolor_id`) VALUES (NULL, 'Ambre dove mock', 'Agouti + PED + Mock + Br', 'NULL', NULL);
INSERT INTO `cakelord`.`colors` (`id`, `name`, `genotype`, `picture`, `eyecolor_id`) VALUES (NULL, 'Ambre lavande', 'Agouti + PED + Mink + Bus', 'NULL', NULL);
INSERT INTO `cakelord`.`colors` (`id`, `name`, `genotype`, `picture`, `eyecolor_id`) VALUES (NULL, 'Ambre lavande mock', 'Agouti + PED + Mock + Bus', 'NULL', NULL);
INSERT INTO `cakelord`.`colors` (`id`, `name`, `genotype`, `picture`, `eyecolor_id`) VALUES (NULL, 'Ambre mink', 'Agouti + PED + Mink', 'NULL', NULL);
INSERT INTO `cakelord`.`colors` (`id`, `name`, `genotype`, `picture`, `eyecolor_id`) VALUES (NULL, 'Ambre mock', 'Agouti + PED + Mock', 'NULL', NULL);
INSERT INTO `cakelord`.`colors` (`id`, `name`, `genotype`, `picture`, `eyecolor_id`) VALUES (NULL, 'Ambre russe', 'Agouti + PED + Br', 'NULL', NULL);
INSERT INTO `cakelord`.`colors` (`id`, `name`, `genotype`, `picture`, `eyecolor_id`) VALUES (NULL, 'Beige', 'Noir + RED', 'NULL', NULL);
INSERT INTO `cakelord`.`colors` (`id`, `name`, `genotype`, `picture`, `eyecolor_id`) VALUES (NULL, 'Beige dove', 'Noir + RED + Mink + Br', 'NULL', NULL);
INSERT INTO `cakelord`.`colors` (`id`, `name`, `genotype`, `picture`, `eyecolor_id`) VALUES (NULL, 'Beige dove mock', 'Noir + RED + Mock + Br', 'NULL', NULL);
INSERT INTO `cakelord`.`colors` (`id`, `name`, `genotype`, `picture`, `eyecolor_id`) VALUES (NULL, 'Beige mink', 'Noir + RED + Mink', 'NULL', NULL);
INSERT INTO `cakelord`.`colors` (`id`, `name`, `genotype`, `picture`, `eyecolor_id`) VALUES (NULL, 'Beige mock', 'Noir + RED + Mock', 'NULL', NULL);
INSERT INTO `cakelord`.`colors` (`id`, `name`, `genotype`, `picture`, `eyecolor_id`) VALUES (NULL, 'Beige russe', 'Noir + RED + Br', 'NULL', NULL);
INSERT INTO `cakelord`.`colors` (`id`, `name`, `genotype`, `picture`, `eyecolor_id`) VALUES (NULL, 'Bleu russe', 'NULL', 'NULL', NULL);
INSERT INTO `cakelord`.`colors` (`id`, `name`, `genotype`, `picture`, `eyecolor_id`) VALUES (NULL, 'Bleu russe agouti', 'Agouti + Br', 'NULL', NULL);
INSERT INTO `cakelord`.`colors` (`id`, `name`, `genotype`, `picture`, `eyecolor_id`) VALUES (NULL, 'Bleu us', 'NULL', 'NULL', NULL);
INSERT INTO `cakelord`.`colors` (`id`, `name`, `genotype`, `picture`, `eyecolor_id`) VALUES (NULL, 'Bleu us agouti', 'Agouti + Bus', 'NULL', NULL);
INSERT INTO `cakelord`.`colors` (`id`, `name`, `genotype`, `picture`, `eyecolor_id`) VALUES (NULL, 'Cannelle', 'Agouti + Mink', 'NULL', NULL);
INSERT INTO `cakelord`.`colors` (`id`, `name`, `genotype`, `picture`, `eyecolor_id`) VALUES (NULL, 'Cannelle mock', 'Agouti + Mock', 'NULL', NULL);
INSERT INTO `cakelord`.`colors` (`id`, `name`, `genotype`, `picture`, `eyecolor_id`) VALUES (NULL, 'Champagne', 'Noir + PED', 'NULL', NULL);
INSERT INTO `cakelord`.`colors` (`id`, `name`, `genotype`, `picture`, `eyecolor_id`) VALUES (NULL, 'Champagne mink', 'Noir + PED + Mink', 'NULL', NULL);
INSERT INTO `cakelord`.`colors` (`id`, `name`, `genotype`, `picture`, `eyecolor_id`) VALUES (NULL, 'Champagne mock', 'Noir + PED + Mock', 'NULL', NULL);
INSERT INTO `cakelord`.`colors` (`id`, `name`, `genotype`, `picture`, `eyecolor_id`) VALUES (NULL, 'Champagne russe', 'Noir + PED + Br', 'NULL', NULL);
INSERT INTO `cakelord`.`colors` (`id`, `name`, `genotype`, `picture`, `eyecolor_id`) VALUES (NULL, 'Chocolat', 'NULL', 'NULL', NULL);
INSERT INTO `cakelord`.`colors` (`id`, `name`, `genotype`, `picture`, `eyecolor_id`) VALUES (NULL, 'Double bleu', 'Noir + Bus + Br', 'NULL', NULL);
INSERT INTO `cakelord`.`colors` (`id`, `name`, `genotype`, `picture`, `eyecolor_id`) VALUES (NULL, 'Double bleu agouti', 'Agouti + Bus + Br', 'NULL', NULL);
INSERT INTO `cakelord`.`colors` (`id`, `name`, `genotype`, `picture`, `eyecolor_id`) VALUES (NULL, 'Double cannelle bleu', 'Agouti + Mink + Mock + Bus', 'NULL', NULL);
INSERT INTO `cakelord`.`colors` (`id`, `name`, `genotype`, `picture`, `eyecolor_id`) VALUES (NULL, 'Double cannelle russe', 'Agouti + Mink + Mock + Br', 'NULL', NULL);
INSERT INTO `cakelord`.`colors` (`id`, `name`, `genotype`, `picture`, `eyecolor_id`) VALUES (NULL, 'Double cannelle', 'Agouti + Mink + Mock', 'NULL', NULL);
INSERT INTO `cakelord`.`colors` (`id`, `name`, `genotype`, `picture`, `eyecolor_id`) VALUES (NULL, 'Double havane', 'Noir + Mink + Mock + porteur RED', 'NULL', NULL);
INSERT INTO `cakelord`.`colors` (`id`, `name`, `genotype`, `picture`, `eyecolor_id`) VALUES (NULL, 'Double havane agouti', 'Agouti + Mink + Mock + porteur RED', 'NULL', NULL);
INSERT INTO `cakelord`.`colors` (`id`, `name`, `genotype`, `picture`, `eyecolor_id`) VALUES (NULL, 'Double havane russe', 'Noir + Mink + Mock + Br + porteur RED', 'NULL', NULL);
INSERT INTO `cakelord`.`colors` (`id`, `name`, `genotype`, `picture`, `eyecolor_id`) VALUES (NULL, 'Double havane russe agouti', 'Agouti + Mink + Mock + Br + porteur RED', 'NULL', NULL);
INSERT INTO `cakelord`.`colors` (`id`, `name`, `genotype`, `picture`, `eyecolor_id`) VALUES (NULL, 'Double lilas', 'Noir + Mink + Mock + Bus + porteur RED', 'NULL', NULL);
INSERT INTO `cakelord`.`colors` (`id`, `name`, `genotype`, `picture`, `eyecolor_id`) VALUES (NULL, 'Double lilas agouti', 'Agouti + Mink + Mock + Bus + porteur RED', 'NULL', NULL);
INSERT INTO `cakelord`.`colors` (`id`, `name`, `genotype`, `picture`, `eyecolor_id`) VALUES (NULL, 'Double mink', 'Noir + Mink + Mock', 'NULL', NULL);
INSERT INTO `cakelord`.`colors` (`id`, `name`, `genotype`, `picture`, `eyecolor_id`) VALUES (NULL, 'Double mink bleu', 'Noir + Mink + Mock + Bus', 'NULL', NULL);
INSERT INTO `cakelord`.`colors` (`id`, `name`, `genotype`, `picture`, `eyecolor_id`) VALUES (NULL, 'Double mink russe', 'Noir + Mink + Mock + Br', 'NULL', NULL);
INSERT INTO `cakelord`.`colors` (`id`, `name`, `genotype`, `picture`, `eyecolor_id`) VALUES (NULL, 'Double moka', 'Noir + Mink + Mock + porteur PED', 'NULL', NULL);
INSERT INTO `cakelord`.`colors` (`id`, `name`, `genotype`, `picture`, `eyecolor_id`) VALUES (NULL, 'Double moka agouti', 'Agouti + Mink + Mock + porteur PED', 'NULL', NULL);
INSERT INTO `cakelord`.`colors` (`id`, `name`, `genotype`, `picture`, `eyecolor_id`) VALUES (NULL, 'Double moka bleu', 'Noir + Mink + Mock + Bus + porteur PED', 'NULL', NULL);
INSERT INTO `cakelord`.`colors` (`id`, `name`, `genotype`, `picture`, `eyecolor_id`) VALUES (NULL, 'Double moka bleu agouti', 'Agouti + Mink + Mock + Bus + porteur PED', 'NULL', NULL);
INSERT INTO `cakelord`.`colors` (`id`, `name`, `genotype`, `picture`, `eyecolor_id`) VALUES (NULL, 'Double moka russe', 'Noir + Mink + Mock + Br + porteur PED', 'NULL', NULL);
INSERT INTO `cakelord`.`colors` (`id`, `name`, `genotype`, `picture`, `eyecolor_id`) VALUES (NULL, 'Double moka russe agouti', 'Agouti + Mink + Mock + Br + porteur PED', 'NULL', NULL);
INSERT INTO `cakelord`.`colors` (`id`, `name`, `genotype`, `picture`, `eyecolor_id`) VALUES (NULL, 'Dove', 'Noir + Mink + Br', 'NULL', NULL);
INSERT INTO `cakelord`.`colors` (`id`, `name`, `genotype`, `picture`, `eyecolor_id`) VALUES (NULL, 'Dove agouti', 'Agouti + Mink + Br', 'NULL', NULL);
INSERT INTO `cakelord`.`colors` (`id`, `name`, `genotype`, `picture`, `eyecolor_id`) VALUES (NULL, 'Dove mock', 'Noir + Mock + Br', 'NULL', NULL);
INSERT INTO `cakelord`.`colors` (`id`, `name`, `genotype`, `picture`, `eyecolor_id`) VALUES (NULL, 'Dove mock agouti', 'Agouti + Mock + Br', 'NULL', NULL);
INSERT INTO `cakelord`.`colors` (`id`, `name`, `genotype`, `picture`, `eyecolor_id`) VALUES (NULL, 'Graphite', 'NULL', 'NULL', NULL);
INSERT INTO `cakelord`.`colors` (`id`, `name`, `genotype`, `picture`, `eyecolor_id`) VALUES (NULL, 'Havane', 'Noir + Mink + porteur RED', 'NULL', NULL);
INSERT INTO `cakelord`.`colors` (`id`, `name`, `genotype`, `picture`, `eyecolor_id`) VALUES (NULL, 'Havane agouti', 'Agouti + Mink + porteur RED', 'NULL', NULL);
INSERT INTO `cakelord`.`colors` (`id`, `name`, `genotype`, `picture`, `eyecolor_id`) VALUES (NULL, 'Havane mock', 'Noir + Mock + porteur RED', 'NULL', NULL);
INSERT INTO `cakelord`.`colors` (`id`, `name`, `genotype`, `picture`, `eyecolor_id`) VALUES (NULL, 'Havane mock agouti', 'Agouti + Mock + porteur RED', 'NULL', NULL);
INSERT INTO `cakelord`.`colors` (`id`, `name`, `genotype`, `picture`, `eyecolor_id`) VALUES (NULL, 'Havane russe', 'Noir + Mink + Br + porteur RED', 'NULL', NULL);
INSERT INTO `cakelord`.`colors` (`id`, `name`, `genotype`, `picture`, `eyecolor_id`) VALUES (NULL, 'Havane russe agouti', 'Agouti + Mink + Br + porteur RED', 'NULL', NULL);
INSERT INTO `cakelord`.`colors` (`id`, `name`, `genotype`, `picture`, `eyecolor_id`) VALUES (NULL, 'Havane russe mock', 'Noir + Mock + Br + porteur RED', 'NULL', NULL);
INSERT INTO `cakelord`.`colors` (`id`, `name`, `genotype`, `picture`, `eyecolor_id`) VALUES (NULL, 'Havane russe mock agouti', 'Agouti + Mock + Br + porteur RED', 'NULL', NULL);
INSERT INTO `cakelord`.`colors` (`id`, `name`, `genotype`, `picture`, `eyecolor_id`) VALUES (NULL, 'Ice', 'Noir + PED + Bus', 'NULL', NULL);
INSERT INTO `cakelord`.`colors` (`id`, `name`, `genotype`, `picture`, `eyecolor_id`) VALUES (NULL, 'Ice mink', 'Noir + PED + Mink + Bus', 'NULL', NULL);
INSERT INTO `cakelord`.`colors` (`id`, `name`, `genotype`, `picture`, `eyecolor_id`) VALUES (NULL, 'Ice mock', 'Noir + PED + Mock + Bus', 'NULL', NULL);
INSERT INTO `cakelord`.`colors` (`id`, `name`, `genotype`, `picture`, `eyecolor_id`) VALUES (NULL, 'Lavande', 'Noir + Mink + Bus', 'NULL', NULL);
INSERT INTO `cakelord`.`colors` (`id`, `name`, `genotype`, `picture`, `eyecolor_id`) VALUES (NULL, 'Lavande agouti', 'Agouti + Mink + Bus', 'NULL', NULL);
INSERT INTO `cakelord`.`colors` (`id`, `name`, `genotype`, `picture`, `eyecolor_id`) VALUES (NULL, 'Lavande mock', 'Noir + Mock + Bus', 'NULL', NULL);
INSERT INTO `cakelord`.`colors` (`id`, `name`, `genotype`, `picture`, `eyecolor_id`) VALUES (NULL, 'Lavande mock agouti', 'Agouti + Mock + Bus', 'NULL', NULL);
INSERT INTO `cakelord`.`colors` (`id`, `name`, `genotype`, `picture`, `eyecolor_id`) VALUES (NULL, 'Lilas', 'Noir + Mink + Bus + porteur RED', 'NULL', NULL);
INSERT INTO `cakelord`.`colors` (`id`, `name`, `genotype`, `picture`, `eyecolor_id`) VALUES (NULL, 'Lilas agouti', 'Agouti + Mink + Bus + porteur RED', 'NULL', NULL);
INSERT INTO `cakelord`.`colors` (`id`, `name`, `genotype`, `picture`, `eyecolor_id`) VALUES (NULL, 'Lilas mock', 'Noir + Mock + Bus + porteur RED', 'NULL', NULL);
INSERT INTO `cakelord`.`colors` (`id`, `name`, `genotype`, `picture`, `eyecolor_id`) VALUES (NULL, 'Lilas mock agouti', 'Agouti + Mock + Bus + porteur RED', 'NULL', NULL);
INSERT INTO `cakelord`.`colors` (`id`, `name`, `genotype`, `picture`, `eyecolor_id`) VALUES (NULL, 'Mink', 'NULL', 'NULL', NULL);
INSERT INTO `cakelord`.`colors` (`id`, `name`, `genotype`, `picture`, `eyecolor_id`) VALUES (NULL, 'Mock', 'NULL', 'NULL', NULL);
INSERT INTO `cakelord`.`colors` (`id`, `name`, `genotype`, `picture`, `eyecolor_id`) VALUES (NULL, 'Moka', 'Noir + Mink + porteur PED', 'NULL', NULL);
INSERT INTO `cakelord`.`colors` (`id`, `name`, `genotype`, `picture`, `eyecolor_id`) VALUES (NULL, 'Moka agouti', 'Agouti + Mink + porteur PED', 'NULL', NULL);
INSERT INTO `cakelord`.`colors` (`id`, `name`, `genotype`, `picture`, `eyecolor_id`) VALUES (NULL, 'Moka bleu', 'Noir + Mink + Bus + porteur PED', 'NULL', NULL);
INSERT INTO `cakelord`.`colors` (`id`, `name`, `genotype`, `picture`, `eyecolor_id`) VALUES (NULL, 'Moka bleu agouti', 'Agouti + Mink + Bus + porteur PED', 'NULL', NULL);
INSERT INTO `cakelord`.`colors` (`id`, `name`, `genotype`, `picture`, `eyecolor_id`) VALUES (NULL, 'Moka bleu mock', 'Noir + Mock + Bus + porteur PED', 'NULL', NULL);
INSERT INTO `cakelord`.`colors` (`id`, `name`, `genotype`, `picture`, `eyecolor_id`) VALUES (NULL, 'Moka bleu mock agouti', 'Agouti + Mock + Bus + porteur PED', 'NULL', NULL);
INSERT INTO `cakelord`.`colors` (`id`, `name`, `genotype`, `picture`, `eyecolor_id`) VALUES (NULL, 'Moka mock', 'Noir + Mock + porteur PED', 'NULL', NULL);
INSERT INTO `cakelord`.`colors` (`id`, `name`, `genotype`, `picture`, `eyecolor_id`) VALUES (NULL, 'Moka mock agouti', 'Agouti + Mock + porteur PED', 'NULL', NULL);
INSERT INTO `cakelord`.`colors` (`id`, `name`, `genotype`, `picture`, `eyecolor_id`) VALUES (NULL, 'Moka russe', 'Noir + Mink + Br + porteur PED', 'NULL', NULL);
INSERT INTO `cakelord`.`colors` (`id`, `name`, `genotype`, `picture`, `eyecolor_id`) VALUES (NULL, 'Moka russe agouti', 'Agouti + Mink + Br + porteur PED', 'NULL', NULL);
INSERT INTO `cakelord`.`colors` (`id`, `name`, `genotype`, `picture`, `eyecolor_id`) VALUES (NULL, 'Moka russe mock', 'Noir + Mock + Br + porteur PED', 'NULL', NULL);
INSERT INTO `cakelord`.`colors` (`id`, `name`, `genotype`, `picture`, `eyecolor_id`) VALUES (NULL, 'Moka russe mock agouti', 'Agouti + Mock + Br + porteur PED', 'NULL', NULL);
INSERT INTO `cakelord`.`colors` (`id`, `name`, `genotype`, `picture`, `eyecolor_id`) VALUES (NULL, 'Noir', 'NULL', 'NULL', NULL);
INSERT INTO `cakelord`.`colors` (`id`, `name`, `genotype`, `picture`, `eyecolor_id`) VALUES (NULL, 'Platine', 'Noir + RED + Bus', 'NULL', NULL);
INSERT INTO `cakelord`.`colors` (`id`, `name`, `genotype`, `picture`, `eyecolor_id`) VALUES (NULL, 'Platine mink', 'Noir + RED + Mink + Bus', 'NULL', NULL);
INSERT INTO `cakelord`.`colors` (`id`, `name`, `genotype`, `picture`, `eyecolor_id`) VALUES (NULL, 'Platine mock', 'Noir + RED + Mock + Bus', 'NULL', NULL);
INSERT INTO `cakelord`.`colors` (`id`, `name`, `genotype`, `picture`, `eyecolor_id`) VALUES (NULL, 'Topaze', 'Agouti + RED', 'NULL', NULL);
INSERT INTO `cakelord`.`colors` (`id`, `name`, `genotype`, `picture`, `eyecolor_id`) VALUES (NULL, 'Topaze bleu', 'Agouti + RED + Bus', 'NULL', NULL);
INSERT INTO `cakelord`.`colors` (`id`, `name`, `genotype`, `picture`, `eyecolor_id`) VALUES (NULL, 'Topaze dove', 'Agouti + RED + Mink + Br', 'NULL', NULL);
INSERT INTO `cakelord`.`colors` (`id`, `name`, `genotype`, `picture`, `eyecolor_id`) VALUES (NULL, 'Topaze dove mock', 'Agouti + RED + Mock + Br', 'NULL', NULL);
INSERT INTO `cakelord`.`colors` (`id`, `name`, `genotype`, `picture`, `eyecolor_id`) VALUES (NULL, 'Topaze mink', 'Agouti + Mink + RED', 'NULL', NULL);
INSERT INTO `cakelord`.`colors` (`id`, `name`, `genotype`, `picture`, `eyecolor_id`) VALUES (NULL, 'Topaze mock', 'Agouti + RED + Mock', 'NULL', NULL);
INSERT INTO `cakelord`.`colors` (`id`, `name`, `genotype`, `picture`, `eyecolor_id`) VALUES (NULL, 'Topaze russe', 'Agouti + RED + Br', 'NULL', NULL);

COMMIT;


-- -----------------------------------------------------
-- Data for table `cakelord`.`earsets`
-- -----------------------------------------------------
START TRANSACTION;
USE `cakelord`;
INSERT INTO `cakelord`.`earsets` (`id`, `name`, `picture`) VALUES (DEFAULT, 'Unknown', DEFAULT);
INSERT INTO `cakelord`.`earsets` (`id`, `name`, `picture`) VALUES (DEFAULT, 'Standard', DEFAULT);
INSERT INTO `cakelord`.`earsets` (`id`, `name`, `picture`) VALUES (DEFAULT, 'Dumbo', DEFAULT);

COMMIT;


-- -----------------------------------------------------
-- Data for table `cakelord`.`dilutions`
-- -----------------------------------------------------
START TRANSACTION;
USE `cakelord`;
INSERT INTO `cakelord`.`dilutions` (`id`, `name`, `picture`) VALUES (1, 'Unknown', 'NULL');
INSERT INTO `cakelord`.`dilutions` (`id`, `name`, `picture`) VALUES (2, 'Albinos', 'NULL');
INSERT INTO `cakelord`.`dilutions` (`id`, `name`, `picture`) VALUES (3, 'BED - Black Eyed Devil', 'NULL');
INSERT INTO `cakelord`.`dilutions` (`id`, `name`, `picture`) VALUES (4, 'BEH - Black Eyed Himalayan', 'NULL');
INSERT INTO `cakelord`.`dilutions` (`id`, `name`, `picture`) VALUES (5, 'BES - Black Eyed Siamese', 'NULL');
INSERT INTO `cakelord`.`dilutions` (`id`, `name`, `picture`) VALUES (6, 'Burmese himalayen', 'NULL');
INSERT INTO `cakelord`.`dilutions` (`id`, `name`, `picture`) VALUES (7, 'Burmese sable himalayen', 'NULL');
INSERT INTO `cakelord`.`dilutions` (`id`, `name`, `picture`) VALUES (8, 'Burmese sable siamois', 'NULL');
INSERT INTO `cakelord`.`dilutions` (`id`, `name`, `picture`) VALUES (9, 'Burmese siamois', 'NULL');
INSERT INTO `cakelord`.`dilutions` (`id`, `name`, `picture`) VALUES (10, 'Biscuit (burmese albinos)', 'NULL');
INSERT INTO `cakelord`.`dilutions` (`id`, `name`, `picture`) VALUES (11, 'Himalayen', 'NULL');
INSERT INTO `cakelord`.`dilutions` (`id`, `name`, `picture`) VALUES (12, 'Ivory (albinos yeux noirs)', 'NULL');
INSERT INTO `cakelord`.`dilutions` (`id`, `name`, `picture`) VALUES (13, 'RED - Red Eyed Devil', 'NULL');
INSERT INTO `cakelord`.`dilutions` (`id`, `name`, `picture`) VALUES (14, 'Siamois', 'NULL');

COMMIT;


-- -----------------------------------------------------
-- Data for table `cakelord`.`coats`
-- -----------------------------------------------------
START TRANSACTION;
USE `cakelord`;
INSERT INTO `cakelord`.`coats` (`id`, `name`, `picture`) VALUES (1, 'Unknown', 'NULL');
INSERT INTO `cakelord`.`coats` (`id`, `name`, `picture`) VALUES (2, 'Lisse', 'NULL');
INSERT INTO `cakelord`.`coats` (`id`, `name`, `picture`) VALUES (3, 'Rex', 'NULL');
INSERT INTO `cakelord`.`coats` (`id`, `name`, `picture`) VALUES (4, 'Double-rex', 'NULL');
INSERT INTO `cakelord`.`coats` (`id`, `name`, `picture`) VALUES (5, 'Velours', 'NULL');
INSERT INTO `cakelord`.`coats` (`id`, `name`, `picture`) VALUES (6, 'Nu', 'NULL');
INSERT INTO `cakelord`.`coats` (`id`, `name`, `picture`) VALUES (7, 'Satin', 'NULL');
INSERT INTO `cakelord`.`coats` (`id`, `name`, `picture`) VALUES (8, 'Harley', 'NULL');

COMMIT;


-- -----------------------------------------------------
-- Data for table `cakelord`.`markings`
-- -----------------------------------------------------
START TRANSACTION;
USE `cakelord`;
INSERT INTO `cakelord`.`markings` (`id`, `name`, `picture`) VALUES (1, 'Unknown', 'NULL');
INSERT INTO `cakelord`.`markings` (`id`, `name`, `picture`) VALUES (NULL, 'Uni', 'NULL');
INSERT INTO `cakelord`.`markings` (`id`, `name`, `picture`) VALUES (NULL, 'Irish', 'NULL');
INSERT INTO `cakelord`.`markings` (`id`, `name`, `picture`) VALUES (NULL, 'Hooded', 'NULL');
INSERT INTO `cakelord`.`markings` (`id`, `name`, `picture`) VALUES (NULL, 'Varieberk', 'NULL');
INSERT INTO `cakelord`.`markings` (`id`, `name`, `picture`) VALUES (NULL, 'Capé', 'NULL');
INSERT INTO `cakelord`.`markings` (`id`, `name`, `picture`) VALUES (NULL, 'Berkshire', 'NULL');
INSERT INTO `cakelord`.`markings` (`id`, `name`, `picture`) VALUES (NULL, 'Varihooded', 'NULL');
INSERT INTO `cakelord`.`markings` (`id`, `name`, `picture`) VALUES (NULL, 'Bareback', 'NULL');
INSERT INTO `cakelord`.`markings` (`id`, `name`, `picture`) VALUES (NULL, 'Variegated', 'NULL');
INSERT INTO `cakelord`.`markings` (`id`, `name`, `picture`) VALUES (NULL, 'Masqué', 'NULL');
INSERT INTO `cakelord`.`markings` (`id`, `name`, `picture`) VALUES (NULL, 'Dalmatien', 'NULL');
INSERT INTO `cakelord`.`markings` (`id`, `name`, `picture`) VALUES (NULL, 'Patché', 'NULL');
INSERT INTO `cakelord`.`markings` (`id`, `name`, `picture`) VALUES (NULL, 'Oppossum', 'NULL');
INSERT INTO `cakelord`.`markings` (`id`, `name`, `picture`) VALUES (NULL, 'Husky', 'NULL');
INSERT INTO `cakelord`.`markings` (`id`, `name`, `picture`) VALUES (NULL, 'Essex', 'NULL');
INSERT INTO `cakelord`.`markings` (`id`, `name`, `picture`) VALUES (NULL, 'Baldie', 'NULL');
INSERT INTO `cakelord`.`markings` (`id`, `name`, `picture`) VALUES (NULL, 'PEW', 'NULL');
INSERT INTO `cakelord`.`markings` (`id`, `name`, `picture`) VALUES (NULL, 'REW', 'NULL');
INSERT INTO `cakelord`.`markings` (`id`, `name`, `picture`) VALUES (NULL, 'BEW', 'NULL');

COMMIT;


-- -----------------------------------------------------
-- Data for table `cakelord`.`death_primary_causes`
-- -----------------------------------------------------
START TRANSACTION;
USE `cakelord`;
INSERT INTO `cakelord`.`death_primary_causes` (`id`, `name`) VALUES (1, 'Cause inconnue');
INSERT INTO `cakelord`.`death_primary_causes` (`id`, `name`) VALUES (2, 'Accidents, traumatismes, intoxications');
INSERT INTO `cakelord`.`death_primary_causes` (`id`, `name`) VALUES (3, 'Cardio-vasculaire');
INSERT INTO `cakelord`.`death_primary_causes` (`id`, `name`) VALUES (4, 'Digestif');
INSERT INTO `cakelord`.`death_primary_causes` (`id`, `name`) VALUES (5, 'Mortalité infantile (moins de 6 semaines)');
INSERT INTO `cakelord`.`death_primary_causes` (`id`, `name`) VALUES (6, 'Muscles et squelette');
INSERT INTO `cakelord`.`death_primary_causes` (`id`, `name`) VALUES (7, 'Neurologique (cerveau, moelle épinière, nerfs)');
INSERT INTO `cakelord`.`death_primary_causes` (`id`, `name`) VALUES (8, 'Œil, oreille, bouche, face');
INSERT INTO `cakelord`.`death_primary_causes` (`id`, `name`) VALUES (9, 'Peau');
INSERT INTO `cakelord`.`death_primary_causes` (`id`, `name`) VALUES (10, 'Respiratoire');
INSERT INTO `cakelord`.`death_primary_causes` (`id`, `name`) VALUES (11, 'Système reproducteur');
INSERT INTO `cakelord`.`death_primary_causes` (`id`, `name`) VALUES (12, 'Système urinaire (reins, vessie)');
INSERT INTO `cakelord`.`death_primary_causes` (`id`, `name`) VALUES (13, 'Vieillesse, mort naturelle (24 mois minimum)');
INSERT INTO `cakelord`.`death_primary_causes` (`id`, `name`) VALUES (14, 'Autres');

COMMIT;


-- -----------------------------------------------------
-- Data for table `cakelord`.`death_secondary_causes`
-- -----------------------------------------------------
START TRANSACTION;
USE `cakelord`;
INSERT INTO `cakelord`.`death_secondary_causes` (`id`, `name`, `death_primary_cause_id`) VALUES (1, 'Aucune information (présumé mort)', 1);
INSERT INTO `cakelord`.`death_secondary_causes` (`id`, `name`, `death_primary_cause_id`) VALUES (DEFAULT, 'Cause indéterminée (date connue)', 1);
INSERT INTO `cakelord`.`death_secondary_causes` (`id`, `name`, `death_primary_cause_id`) VALUES (DEFAULT, 'Accident domestique (écrasement, accident de porte... )', 2);
INSERT INTO `cakelord`.`death_secondary_causes` (`id`, `name`, `death_primary_cause_id`) VALUES (DEFAULT, 'Accident vétérinaire (anesthésie lors d’une opération mineure, erreur médicale...)', 2);
INSERT INTO `cakelord`.`death_secondary_causes` (`id`, `name`, `death_primary_cause_id`) VALUES (DEFAULT, 'Bagarres, blessures, morsures graves, hémorragie consécutive (hors hémorragie anormale)', 2);
INSERT INTO `cakelord`.`death_secondary_causes` (`id`, `name`, `death_primary_cause_id`) VALUES (DEFAULT, 'Brûlures thermiques ou chimiques', 2);
INSERT INTO `cakelord`.`death_secondary_causes` (`id`, `name`, `death_primary_cause_id`) VALUES (DEFAULT, 'Chutes, fractures, traumatisme crânien ou de la moelle épinière (hors bagarres)', 2);
INSERT INTO `cakelord`.`death_secondary_causes` (`id`, `name`, `death_primary_cause_id`) VALUES (DEFAULT, 'Coup de chaleur', 2);
INSERT INTO `cakelord`.`death_secondary_causes` (`id`, `name`, `death_primary_cause_id`) VALUES (DEFAULT, 'Étouffement, fausse route', 2);
INSERT INTO `cakelord`.`death_secondary_causes` (`id`, `name`, `death_primary_cause_id`) VALUES (DEFAULT, 'Empoisonnement (produits ménagers, poisons, médicaments volés...)', 2);
INSERT INTO `cakelord`.`death_secondary_causes` (`id`, `name`, `death_primary_cause_id`) VALUES (DEFAULT, 'Intoxication alimentaire', 2);
INSERT INTO `cakelord`.`death_secondary_causes` (`id`, `name`, `death_primary_cause_id`) VALUES (DEFAULT, 'Surdosage médicamenteux (médicaments vétérinaires prescrits)', 2);
INSERT INTO `cakelord`.`death_secondary_causes` (`id`, `name`, `death_primary_cause_id`) VALUES (DEFAULT, 'Autre accident ou traumatisme', 2);
INSERT INTO `cakelord`.`death_secondary_causes` (`id`, `name`, `death_primary_cause_id`) VALUES (DEFAULT, 'Crise cardiaque, infarctus, embolie pulmonaire', 3);
INSERT INTO `cakelord`.`death_secondary_causes` (`id`, `name`, `death_primary_cause_id`) VALUES (DEFAULT, 'Insuffisance cardiaque, valvulopathie', 3);
INSERT INTO `cakelord`.`death_secondary_causes` (`id`, `name`, `death_primary_cause_id`) VALUES (DEFAULT, 'Hémorragie (exagérée par rapport au contexte, anomalie de la coagulation, hémophilie)', 3);
INSERT INTO `cakelord`.`death_secondary_causes` (`id`, `name`, `death_primary_cause_id`) VALUES (DEFAULT, 'Autre problème cardiaque ou vasculaire', 3);
INSERT INTO `cakelord`.`death_secondary_causes` (`id`, `name`, `death_primary_cause_id`) VALUES (DEFAULT, 'Abcès digestif', 4);
INSERT INTO `cakelord`.`death_secondary_causes` (`id`, `name`, `death_primary_cause_id`) VALUES (DEFAULT, 'Gastro-entérite, diarrhée', 4);
INSERT INTO `cakelord`.`death_secondary_causes` (`id`, `name`, `death_primary_cause_id`) VALUES (DEFAULT, 'Hémorragie digestive', 4);
INSERT INTO `cakelord`.`death_secondary_causes` (`id`, `name`, `death_primary_cause_id`) VALUES (DEFAULT, 'Insuffisance hépatique', 4);
INSERT INTO `cakelord`.`death_secondary_causes` (`id`, `name`, `death_primary_cause_id`) VALUES (DEFAULT, 'Malnutrition', 4);
INSERT INTO `cakelord`.`death_secondary_causes` (`id`, `name`, `death_primary_cause_id`) VALUES (DEFAULT, 'Mégacôlon héréditaire', 4);
INSERT INTO `cakelord`.`death_secondary_causes` (`id`, `name`, `death_primary_cause_id`) VALUES (DEFAULT, 'Occlusion intestinale (hors mégacôlon)', 4);
INSERT INTO `cakelord`.`death_secondary_causes` (`id`, `name`, `death_primary_cause_id`) VALUES (DEFAULT, 'Prolapsus rectal', 4);
INSERT INTO `cakelord`.`death_secondary_causes` (`id`, `name`, `death_primary_cause_id`) VALUES (DEFAULT, 'Tumeur digestive (estomac, foie, pancréas, intestins...)', 4);
INSERT INTO `cakelord`.`death_secondary_causes` (`id`, `name`, `death_primary_cause_id`) VALUES (DEFAULT, 'Autre problème digestif', 4);
INSERT INTO `cakelord`.`death_secondary_causes` (`id`, `name`, `death_primary_cause_id`) VALUES (DEFAULT, 'Malformation, hydrocéphalie', 5);
INSERT INTO `cakelord`.`death_secondary_causes` (`id`, `name`, `death_primary_cause_id`) VALUES (DEFAULT, 'Manque de lait', 5);
INSERT INTO `cakelord`.`death_secondary_causes` (`id`, `name`, `death_primary_cause_id`) VALUES (DEFAULT, 'Mort-né', 5);
INSERT INTO `cakelord`.`death_secondary_causes` (`id`, `name`, `death_primary_cause_id`) VALUES (DEFAULT, 'Autre cause de mort infantile', 5);
INSERT INTO `cakelord`.`death_secondary_causes` (`id`, `name`, `death_primary_cause_id`) VALUES (DEFAULT, 'Infection / abcès musculaire', 6);
INSERT INTO `cakelord`.`death_secondary_causes` (`id`, `name`, `death_primary_cause_id`) VALUES (DEFAULT, 'Infection articulaire ou osseuse, arthrite septique', 6);
INSERT INTO `cakelord`.`death_secondary_causes` (`id`, `name`, `death_primary_cause_id`) VALUES (DEFAULT, 'Tumeur musculaire', 6);
INSERT INTO `cakelord`.`death_secondary_causes` (`id`, `name`, `death_primary_cause_id`) VALUES (DEFAULT, 'Tumeur osseuse', 6);
INSERT INTO `cakelord`.`death_secondary_causes` (`id`, `name`, `death_primary_cause_id`) VALUES (DEFAULT, 'Autre problème du système locomoteur', 6);
INSERT INTO `cakelord`.`death_secondary_causes` (`id`, `name`, `death_primary_cause_id`) VALUES (DEFAULT, 'Accident vasculaire cérébral', 7);
INSERT INTO `cakelord`.`death_secondary_causes` (`id`, `name`, `death_primary_cause_id`) VALUES (DEFAULT, 'Atteinte progressive de la moelle épinière, paralysie dégénérative', 7);
INSERT INTO `cakelord`.`death_secondary_causes` (`id`, `name`, `death_primary_cause_id`) VALUES (DEFAULT, 'Epilepsie', 7);
INSERT INTO `cakelord`.`death_secondary_causes` (`id`, `name`, `death_primary_cause_id`) VALUES (DEFAULT, 'Infection du cerveau, encéphalite, méningite', 7);
INSERT INTO `cakelord`.`death_secondary_causes` (`id`, `name`, `death_primary_cause_id`) VALUES (DEFAULT, 'Tumeur cérébrale', 7);
INSERT INTO `cakelord`.`death_secondary_causes` (`id`, `name`, `death_primary_cause_id`) VALUES (DEFAULT, 'Tumeur hypophysaire (pituitaire)', 7);
INSERT INTO `cakelord`.`death_secondary_causes` (`id`, `name`, `death_primary_cause_id`) VALUES (DEFAULT, 'Autre problème neurologique', 7);
INSERT INTO `cakelord`.`death_secondary_causes` (`id`, `name`, `death_primary_cause_id`) VALUES (DEFAULT, 'Abcès dentaire', 8);
INSERT INTO `cakelord`.`death_secondary_causes` (`id`, `name`, `death_primary_cause_id`) VALUES (DEFAULT, 'Abcès facial (hors dentaire et Zymbal)', 8);
INSERT INTO `cakelord`.`death_secondary_causes` (`id`, `name`, `death_primary_cause_id`) VALUES (DEFAULT, 'Abcès rétro-orbitaire', 8);
INSERT INTO `cakelord`.`death_secondary_causes` (`id`, `name`, `death_primary_cause_id`) VALUES (DEFAULT, 'Glaucome', 8);
INSERT INTO `cakelord`.`death_secondary_causes` (`id`, `name`, `death_primary_cause_id`) VALUES (DEFAULT, 'Malocclusion dentaire', 8);
INSERT INTO `cakelord`.`death_secondary_causes` (`id`, `name`, `death_primary_cause_id`) VALUES (DEFAULT, 'Otite, abcès dans l’oreille', 8);
INSERT INTO `cakelord`.`death_secondary_causes` (`id`, `name`, `death_primary_cause_id`) VALUES (DEFAULT, 'Tumeur de la glande de Zymbal', 8);
INSERT INTO `cakelord`.`death_secondary_causes` (`id`, `name`, `death_primary_cause_id`) VALUES (DEFAULT, 'Tumeur de la face (hors Zymbal)', 8);
INSERT INTO `cakelord`.`death_secondary_causes` (`id`, `name`, `death_primary_cause_id`) VALUES (DEFAULT, 'Tumeur rétro-orbitaire', 8);
INSERT INTO `cakelord`.`death_secondary_causes` (`id`, `name`, `death_primary_cause_id`) VALUES (DEFAULT, 'Autre problème touchant la tête', 8);
INSERT INTO `cakelord`.`death_secondary_causes` (`id`, `name`, `death_primary_cause_id`) VALUES (DEFAULT, 'Abcès sous-cutané', 9);
INSERT INTO `cakelord`.`death_secondary_causes` (`id`, `name`, `death_primary_cause_id`) VALUES (DEFAULT, 'Infection étendue de la peau (pyodermite, escarres...)', 9);
INSERT INTO `cakelord`.`death_secondary_causes` (`id`, `name`, `death_primary_cause_id`) VALUES (DEFAULT, 'Pododermatite', 9);
INSERT INTO `cakelord`.`death_secondary_causes` (`id`, `name`, `death_primary_cause_id`) VALUES (DEFAULT, 'Tumeur cutanée, cancer de la peau', 9);
INSERT INTO `cakelord`.`death_secondary_causes` (`id`, `name`, `death_primary_cause_id`) VALUES (DEFAULT, 'Autre problème de peau', 9);
INSERT INTO `cakelord`.`death_secondary_causes` (`id`, `name`, `death_primary_cause_id`) VALUES (DEFAULT, 'Bronchite, pneumonie', 10);
INSERT INTO `cakelord`.`death_secondary_causes` (`id`, `name`, `death_primary_cause_id`) VALUES (DEFAULT, 'Œdème pulmonaire', 10);
INSERT INTO `cakelord`.`death_secondary_causes` (`id`, `name`, `death_primary_cause_id`) VALUES (DEFAULT, 'Tumeur pulmonaire, métastases pulmonaires', 10);
INSERT INTO `cakelord`.`death_secondary_causes` (`id`, `name`, `death_primary_cause_id`) VALUES (DEFAULT, 'Autre problème respiratoire', 10);
INSERT INTO `cakelord`.`death_secondary_causes` (`id`, `name`, `death_primary_cause_id`) VALUES (DEFAULT, 'Complications de gestation ou de mise-bas', 11);
INSERT INTO `cakelord`.`death_secondary_causes` (`id`, `name`, `death_primary_cause_id`) VALUES (DEFAULT, 'Infection de l’utérus (métrite, pyomètre)', 11);
INSERT INTO `cakelord`.`death_secondary_causes` (`id`, `name`, `death_primary_cause_id`) VALUES (DEFAULT, 'Prolapsus vaginal (hors tumeurs et postpartum)', 11);
INSERT INTO `cakelord`.`death_secondary_causes` (`id`, `name`, `death_primary_cause_id`) VALUES (DEFAULT, 'Tumeur mammaire', 11);
INSERT INTO `cakelord`.`death_secondary_causes` (`id`, `name`, `death_primary_cause_id`) VALUES (DEFAULT, 'Tumeur ovarienne', 11);
INSERT INTO `cakelord`.`death_secondary_causes` (`id`, `name`, `death_primary_cause_id`) VALUES (DEFAULT, 'Tumeur utérine', 11);
INSERT INTO `cakelord`.`death_secondary_causes` (`id`, `name`, `death_primary_cause_id`) VALUES (DEFAULT, 'Tumeur vaginale', 11);
INSERT INTO `cakelord`.`death_secondary_causes` (`id`, `name`, `death_primary_cause_id`) VALUES (DEFAULT, 'Tumeur de la prostate', 11);
INSERT INTO `cakelord`.`death_secondary_causes` (`id`, `name`, `death_primary_cause_id`) VALUES (DEFAULT, 'Tumeur testiculaire', 11);
INSERT INTO `cakelord`.`death_secondary_causes` (`id`, `name`, `death_primary_cause_id`) VALUES (DEFAULT, 'Tumeur des glandes préputiales', 11);
INSERT INTO `cakelord`.`death_secondary_causes` (`id`, `name`, `death_primary_cause_id`) VALUES (DEFAULT, 'Autre problème du système reproducteur', 11);
INSERT INTO `cakelord`.`death_secondary_causes` (`id`, `name`, `death_primary_cause_id`) VALUES (DEFAULT, 'Infection urinaire ou rénale', 12);
INSERT INTO `cakelord`.`death_secondary_causes` (`id`, `name`, `death_primary_cause_id`) VALUES (DEFAULT, 'Insuffisance rénale', 12);
INSERT INTO `cakelord`.`death_secondary_causes` (`id`, `name`, `death_primary_cause_id`) VALUES (DEFAULT, 'Obstruction de l’urètre, rétention urinaire, calculs', 12);
INSERT INTO `cakelord`.`death_secondary_causes` (`id`, `name`, `death_primary_cause_id`) VALUES (DEFAULT, 'Tumeur de la vessie', 12);
INSERT INTO `cakelord`.`death_secondary_causes` (`id`, `name`, `death_primary_cause_id`) VALUES (DEFAULT, 'Tumeur du rein', 12);
INSERT INTO `cakelord`.`death_secondary_causes` (`id`, `name`, `death_primary_cause_id`) VALUES (DEFAULT, 'Autre problème du système urinaire', 12);
INSERT INTO `cakelord`.`death_secondary_causes` (`id`, `name`, `death_primary_cause_id`) VALUES (DEFAULT, 'Allergie, choc anaphylactique', 14);
INSERT INTO `cakelord`.`death_secondary_causes` (`id`, `name`, `death_primary_cause_id`) VALUES (DEFAULT, 'Cancer généralisé, leucémie, lymphome', 14);
INSERT INTO `cakelord`.`death_secondary_causes` (`id`, `name`, `death_primary_cause_id`) VALUES (DEFAULT, 'Diabète', 14);
INSERT INTO `cakelord`.`death_secondary_causes` (`id`, `name`, `death_primary_cause_id`) VALUES (DEFAULT, 'Euthanasie sans cause médicale', 14);
INSERT INTO `cakelord`.`death_secondary_causes` (`id`, `name`, `death_primary_cause_id`) VALUES (DEFAULT, 'Infection / abcès indéterminé', 14);
INSERT INTO `cakelord`.`death_secondary_causes` (`id`, `name`, `death_primary_cause_id`) VALUES (DEFAULT, 'Parasites', 14);
INSERT INTO `cakelord`.`death_secondary_causes` (`id`, `name`, `death_primary_cause_id`) VALUES (DEFAULT, 'Septicémie', 14);
INSERT INTO `cakelord`.`death_secondary_causes` (`id`, `name`, `death_primary_cause_id`) VALUES (DEFAULT, 'Tumeur autre (salivaire, splénique, surrénale, thyroïde...)', 14);
INSERT INTO `cakelord`.`death_secondary_causes` (`id`, `name`, `death_primary_cause_id`) VALUES (DEFAULT, 'Tumeur indéterminée (organe atteint inconnu)', 14);
INSERT INTO `cakelord`.`death_secondary_causes` (`id`, `name`, `death_primary_cause_id`) VALUES (DEFAULT, 'Virus, épidémie, déficience immunitaire (SDA, Sendaï, Tyzzer...)', 14);
INSERT INTO `cakelord`.`death_secondary_causes` (`id`, `name`, `death_primary_cause_id`) VALUES (DEFAULT, 'Autre cause connue ne rentrant dans aucune catégorie', 14);

COMMIT;


-- -----------------------------------------------------
-- Data for table `cakelord`.`litters`
-- -----------------------------------------------------
START TRANSACTION;
USE `cakelord`;
INSERT INTO `cakelord`.`litters` (`id`, `mating_date`, `birth_date`, `pups_number`, `pups_number_stillborn`, `comments`, `mother_rat_id`, `father_rat_id`, `creator_user_id`, `created`, `modified`, `state_id`, `rattery_id`) VALUES (1, '2013-10-31', '2013-11-22', 13, 1, NULL, 34308, 31523, 7, DEFAULT, DEFAULT, DEFAULT, DEFAULT);

COMMIT;


-- -----------------------------------------------------
-- Data for table `cakelord`.`rats`
-- -----------------------------------------------------
START TRANSACTION;
USE `cakelord`;
INSERT INTO `cakelord`.`rats` (`id`, `name`, `pup_name`, `sex`, `pedigree_identifier`, `birth_date`, `death_date`, `death_primary_cause_id`, `death_secondary_cause_id`, `death_euthanized`, `death_diagnosed`, `death_necropsied`, `picture`, `picture_thumbnail`, `comments`, `is_alive`, `mother_rattery_id`, `father_rattery_id`, `mother_rat_id`, `father_rat_id`, `litter_id`, `owner_user_id`, `color_id`, `earset_id`, `eyecolor_id`, `dilution_id`, `coat_id`, `marking_id`, `creator_user_id`, `created`, `modified`, `state_id`, `rattery_id`) VALUES (29036, 'Pillywiggin', 'Barbabulle', 'F', 'KTY29036F', '2012-01-07', '2014-04-24', 3, NULL, NULL, NULL, NULL, NULL, NULL, NULL, 1, 12, 4, NULL, NULL, NULL, 11, 1, 2, 1, DEFAULT, 4, 2, 6, DEFAULT, DEFAULT, 1, 1);
INSERT INTO `cakelord`.`rats` (`id`, `name`, `pup_name`, `sex`, `pedigree_identifier`, `birth_date`, `death_date`, `death_primary_cause_id`, `death_secondary_cause_id`, `death_euthanized`, `death_diagnosed`, `death_necropsied`, `picture`, `picture_thumbnail`, `comments`, `is_alive`, `mother_rattery_id`, `father_rattery_id`, `mother_rat_id`, `father_rat_id`, `litter_id`, `owner_user_id`, `color_id`, `earset_id`, `eyecolor_id`, `dilution_id`, `coat_id`, `marking_id`, `creator_user_id`, `created`, `modified`, `state_id`, `rattery_id`) VALUES (34232, 'Nemo', '', 'M', 'INC34232M', '2012-11-15', '2014-10-30', 10, NULL, NULL, NULL, NULL, NULL, NULL, NULL, 1, 2, NULL, NULL, NULL, NULL, 8, 19, 2, 1, DEFAULT, 2, 1, 6, DEFAULT, DEFAULT, 1, 1);
INSERT INTO `cakelord`.`rats` (`id`, `name`, `pup_name`, `sex`, `pedigree_identifier`, `birth_date`, `death_date`, `death_primary_cause_id`, `death_secondary_cause_id`, `death_euthanized`, `death_diagnosed`, `death_necropsied`, `picture`, `picture_thumbnail`, `comments`, `is_alive`, `mother_rattery_id`, `father_rattery_id`, `mother_rat_id`, `father_rat_id`, `litter_id`, `owner_user_id`, `color_id`, `earset_id`, `eyecolor_id`, `dilution_id`, `coat_id`, `marking_id`, `creator_user_id`, `created`, `modified`, `state_id`, `rattery_id`) VALUES (34231, 'Liloux', 'Liloute', 'F', 'IND34231F', '2012-05-15', '2014-11-02', 11, NULL, NULL, NULL, NULL, NULL, NULL, NULL, 1, 4, NULL, NULL, NULL, NULL, 8, 17, 2, 1, DEFAULT, 1, 1, 6, DEFAULT, DEFAULT, 1, 1);
INSERT INTO `cakelord`.`rats` (`id`, `name`, `pup_name`, `sex`, `pedigree_identifier`, `birth_date`, `death_date`, `death_primary_cause_id`, `death_secondary_cause_id`, `death_euthanized`, `death_diagnosed`, `death_necropsied`, `picture`, `picture_thumbnail`, `comments`, `is_alive`, `mother_rattery_id`, `father_rattery_id`, `mother_rat_id`, `father_rat_id`, `litter_id`, `owner_user_id`, `color_id`, `earset_id`, `eyecolor_id`, `dilution_id`, `coat_id`, `marking_id`, `creator_user_id`, `created`, `modified`, `state_id`, `rattery_id`) VALUES (34308, 'Fizz', 'Scratch', 'F', 'MMX34308F', '2013-02-10', '2015-01-07', 11, NULL, NULL, NULL, NULL, NULL, NULL, NULL, 1, 9, 9, 34231, 34232, NULL, 7, 19, 2, 1, DEFAULT, 2, 1, 6, DEFAULT, DEFAULT, 1, 1);
INSERT INTO `cakelord`.`rats` (`id`, `name`, `pup_name`, `sex`, `pedigree_identifier`, `birth_date`, `death_date`, `death_primary_cause_id`, `death_secondary_cause_id`, `death_euthanized`, `death_diagnosed`, `death_necropsied`, `picture`, `picture_thumbnail`, `comments`, `is_alive`, `mother_rattery_id`, `father_rattery_id`, `mother_rat_id`, `father_rat_id`, `litter_id`, `owner_user_id`, `color_id`, `earset_id`, `eyecolor_id`, `dilution_id`, `coat_id`, `marking_id`, `creator_user_id`, `created`, `modified`, `state_id`, `rattery_id`) VALUES (31523, 'Oshu\'Gun', NULL, 'M', 'TPX31523M', '2012-07-28', '2014-07-14', 7, NULL, 1, NULL, NULL, NULL, NULL, NULL, 1, 10, 10, 29036, 23407, NULL, 6, 1, 2, 1, DEFAULT, 3, 1, 6, DEFAULT, DEFAULT, 1, 1);
INSERT INTO `cakelord`.`rats` (`id`, `name`, `pup_name`, `sex`, `pedigree_identifier`, `birth_date`, `death_date`, `death_primary_cause_id`, `death_secondary_cause_id`, `death_euthanized`, `death_diagnosed`, `death_necropsied`, `picture`, `picture_thumbnail`, `comments`, `is_alive`, `mother_rattery_id`, `father_rattery_id`, `mother_rat_id`, `father_rat_id`, `litter_id`, `owner_user_id`, `color_id`, `earset_id`, `eyecolor_id`, `dilution_id`, `coat_id`, `marking_id`, `creator_user_id`, `created`, `modified`, `state_id`, `rattery_id`) VALUES (37802, 'Tanannan', NULL, 'M', 'WEE37802M', '2013-11-22', '2016-01-23', 4, NULL, 1, 1, NULL, NULL, NULL, NULL, 1, 8, 7, 34308, 31523, 1, 6, 19, 2, 1, DEFAULT, 3, 1, 6, DEFAULT, DEFAULT, 1, 1);
INSERT INTO `cakelord`.`rats` (`id`, `name`, `pup_name`, `sex`, `pedigree_identifier`, `birth_date`, `death_date`, `death_primary_cause_id`, `death_secondary_cause_id`, `death_euthanized`, `death_diagnosed`, `death_necropsied`, `picture`, `picture_thumbnail`, `comments`, `is_alive`, `mother_rattery_id`, `father_rattery_id`, `mother_rat_id`, `father_rat_id`, `litter_id`, `owner_user_id`, `color_id`, `earset_id`, `eyecolor_id`, `dilution_id`, `coat_id`, `marking_id`, `creator_user_id`, `created`, `modified`, `state_id`, `rattery_id`) VALUES (37801, 'Manannan Mac Jean-Rat', 'Toutatis', 'M', 'WEE37801M', '2013-11-22', '2015-08-09', 1, 2, 1, NULL, NULL, NULL, NULL, NULL, 1, 8, 7, 34308, 31523, 1, 6, 19, 2, 1, DEFAULT, 3, 1, 6, DEFAULT, DEFAULT, 1, 1);
INSERT INTO `cakelord`.`rats` (`id`, `name`, `pup_name`, `sex`, `pedigree_identifier`, `birth_date`, `death_date`, `death_primary_cause_id`, `death_secondary_cause_id`, `death_euthanized`, `death_diagnosed`, `death_necropsied`, `picture`, `picture_thumbnail`, `comments`, `is_alive`, `mother_rattery_id`, `father_rattery_id`, `mother_rat_id`, `father_rat_id`, `litter_id`, `owner_user_id`, `color_id`, `earset_id`, `eyecolor_id`, `dilution_id`, `coat_id`, `marking_id`, `creator_user_id`, `created`, `modified`, `state_id`, `rattery_id`) VALUES (37806, 'Tuulikki', 'Aífé', 'F', 'WEE37806F', '2013-11-22', '2015-07-22', 12, 74, NULL, NULL, NULL, NULL, NULL, NULL, 1, 8, 7, 34308, 31523, 1, 6, 86, 2, 2, 13, 2, DEFAULT, 6, DEFAULT, DEFAULT, 1, 1);
INSERT INTO `cakelord`.`rats` (`id`, `name`, `pup_name`, `sex`, `pedigree_identifier`, `birth_date`, `death_date`, `death_primary_cause_id`, `death_secondary_cause_id`, `death_euthanized`, `death_diagnosed`, `death_necropsied`, `picture`, `picture_thumbnail`, `comments`, `is_alive`, `mother_rattery_id`, `father_rattery_id`, `mother_rat_id`, `father_rat_id`, `litter_id`, `owner_user_id`, `color_id`, `earset_id`, `eyecolor_id`, `dilution_id`, `coat_id`, `marking_id`, `creator_user_id`, `created`, `modified`, `state_id`, `rattery_id`) VALUES (23407, 'Nagual', 'Canis Mucilagus', 'M', 'KMR23407M', '2010-12-21', '2012-10-05', 2, 3, NULL, NULL, NULL, NULL, NULL, NULL, 1, 11, 10, NULL, NULL, NULL, 9, 64, 2, 4, 13, 2, 1, 6, DEFAULT, DEFAULT, 1, 1);
INSERT INTO `cakelord`.`rats` (`id`, `name`, `pup_name`, `sex`, `pedigree_identifier`, `birth_date`, `death_date`, `death_primary_cause_id`, `death_secondary_cause_id`, `death_euthanized`, `death_diagnosed`, `death_necropsied`, `picture`, `picture_thumbnail`, `comments`, `is_alive`, `mother_rattery_id`, `father_rattery_id`, `mother_rat_id`, `father_rat_id`, `litter_id`, `owner_user_id`, `color_id`, `earset_id`, `eyecolor_id`, `dilution_id`, `coat_id`, `marking_id`, `creator_user_id`, `created`, `modified`, `state_id`, `rattery_id`) VALUES (31543, 'Woodewood Chuckchuck', NULL, 'M', 'TPX31543M', '2012-07-28', '2014-01-18', 7, NULL, 1, NULL, NULL, NULL, NULL, NULL, 1, 10, 10, 29036, 23407, NULL, 5, 1, 2, 1, DEFAULT, 3, 2, 5, DEFAULT, DEFAULT, 1, 1);
INSERT INTO `cakelord`.`rats` (`id`, `name`, `pup_name`, `sex`, `pedigree_identifier`, `birth_date`, `death_date`, `death_primary_cause_id`, `death_secondary_cause_id`, `death_euthanized`, `death_diagnosed`, `death_necropsied`, `picture`, `picture_thumbnail`, `comments`, `is_alive`, `mother_rattery_id`, `father_rattery_id`, `mother_rat_id`, `father_rat_id`, `litter_id`, `owner_user_id`, `color_id`, `earset_id`, `eyecolor_id`, `dilution_id`, `coat_id`, `marking_id`, `creator_user_id`, `created`, `modified`, `state_id`, `rattery_id`) VALUES (31549, 'Piccadilly', NULL, 'F', 'TPX31549F', '2012-07-28', NULL, 1, 1, NULL, NULL, NULL, NULL, NULL, NULL, 1, 10, 10, 29306, 23407, NULL, 6, 1, 2, 1, DEFAULT, 3, 4, 6, DEFAULT, DEFAULT, 1, 1);
INSERT INTO `cakelord`.`rats` (`id`, `name`, `pup_name`, `sex`, `pedigree_identifier`, `birth_date`, `death_date`, `death_primary_cause_id`, `death_secondary_cause_id`, `death_euthanized`, `death_diagnosed`, `death_necropsied`, `picture`, `picture_thumbnail`, `comments`, `is_alive`, `mother_rattery_id`, `father_rattery_id`, `mother_rat_id`, `father_rat_id`, `litter_id`, `owner_user_id`, `color_id`, `earset_id`, `eyecolor_id`, `dilution_id`, `coat_id`, `marking_id`, `creator_user_id`, `created`, `modified`, `state_id`, `rattery_id`) VALUES (44255, 'Evinrude', 'Niniane', 'F', 'KMR44255F', '2015-06-23', '2017-02-06', 1, 2, NULL, NULL, NULL, NULL, NULL, NULL, 0, 11, 7, NULL, 37802, NULL, 12, 1, 2, 1, DEFAULT, 2, 2, 6, DEFAULT, DEFAULT, 1, 1);

COMMIT;


-- -----------------------------------------------------
-- Data for table `cakelord`.`singularities`
-- -----------------------------------------------------
START TRANSACTION;
USE `cakelord`;
INSERT INTO `cakelord`.`singularities` (`id`, `name`, `picture`) VALUES (DEFAULT, 'Etoilé', DEFAULT);
INSERT INTO `cakelord`.`singularities` (`id`, `name`, `picture`) VALUES (DEFAULT, 'Fléché', DEFAULT);
INSERT INTO `cakelord`.`singularities` (`id`, `name`, `picture`) VALUES (DEFAULT, 'Down under', DEFAULT);
INSERT INTO `cakelord`.`singularities` (`id`, `name`, `picture`) VALUES (DEFAULT, 'Gants', DEFAULT);
INSERT INTO `cakelord`.`singularities` (`id`, `name`, `picture`) VALUES (DEFAULT, 'Dwarf', DEFAULT);

COMMIT;


SET SQL_MODE=@OLD_SQL_MODE;
SET FOREIGN_KEY_CHECKS=@OLD_FOREIGN_KEY_CHECKS;
SET UNIQUE_CHECKS=@OLD_UNIQUE_CHECKS;
